,G major,G minor,C major,E minor,E major,A minor,B major,A# major,A# minor,D minor,D major,B minor,F major,F minor,F# major,G# minor,A major,F# minor,C# minor,C# major,C minor,D# minor,D# major,G# major
blues.00000.wav,11.35,9.18,9.16,,,,,,,,,,,,,,,,,,,,,
blues.00001.wav,9.67,9.22,8.04,,,,,,,,,,,,,,,,,,,,,
blues.00002.wav,,,,10.58,9.3,9.2,,,,,,,,,,,,,,,,,,
blues.00003.wav,,,,9.77,8.45,,7.83,,,,,,,,,,,,,,,,,
blues.00004.wav,,,,,,,,10.19,10.09,9.1,,,,,,,,,,,,,,
blues.00005.wav,10.22,,,,,,,,,,10.41,8.78,,,,,,,,,,,,
blues.00006.wav,,,,,,8.77,,,,,,,12.61,9.13,,,,,,,,,,
blues.00007.wav,,,,,,,,11.81,11.88,,,,7.64,,,,,,,,,,,
blues.00008.wav,,,9.68,,,,,,,,,,10.14,7.73,,,,,,,,,,
blues.00009.wav,10.51,7.74,,,,,,,,6.95,,,,,,,,,,,,,,
blues.00010.wav,,,7.51,,,,,,,,,,9.58,7.92,,,,,,,,,,
blues.00011.wav,,,,12.03,12.26,6.74,,,,,,,,,,,,,,,,,,
blues.00012.wav,,,,,,,12.8,,,,,11.67,,,7.27,,,,,,,,,
blues.00013.wav,,,,,,,12.0,,,,,12.17,,,,6.36,,,,,,,,
blues.00014.wav,,,,,,,12.07,,,,,17.59,,,8.3,,,,,,,,,
blues.00015.wav,,,,,7.84,,12.43,,,,,11.38,,,,,,,,,,,,
blues.00016.wav,,,,,8.05,8.73,,,,,,,,,,,11.22,,,,,,,
blues.00017.wav,,,,,,11.01,,,,,,,,,,,10.09,9.15,,,,,,
blues.00018.wav,,,,,,,8.75,,,,,,,,8.4,,,8.92,,,,,,
blues.00019.wav,,,,,,9.43,,,,,,,,,,,12.5,,8.01,,,,,
blues.00020.wav,,,,8.83,9.12,,7.81,,,,,,,,,,,,,,,,,
blues.00021.wav,,,,,,,8.31,,,,,,,,11.16,,,10.06,,,,,,
blues.00022.wav,,,,,,,,,,,,,,,11.59,,,7.99,,7.76,,,,
blues.00023.wav,,,,,,10.87,,,,,,,6.59,,,,9.93,,,,,,,
blues.00024.wav,,,,,,,,8.82,9.65,,,8.24,,,,,,,,,,,,
blues.00025.wav,,,,,,,,8.23,7.52,,,8.54,,,,,,,,,,,,
blues.00026.wav,,,,,,,10.03,,,,,10.91,,,,6.13,,,,,,,,
blues.00027.wav,,,,,8.45,,10.96,,,,,11.16,,,,,,,,,,,,
blues.00028.wav,,,,,,,,9.41,9.28,,,,7.54,,,,,,,,,,,
blues.00029.wav,,7.61,,,,,,,,11.83,10.42,,,,,,,,,,,,,
blues.00030.wav,,,6.7,,,,,,,,,,9.82,10.85,,,,,,,,,,
blues.00031.wav,,7.6,,,,,,,,8.34,11.74,,,,,,,,,,,,,
blues.00032.wav,,7.53,8.43,,,,,,,,,,,,,,,,,,7.78,,,
blues.00033.wav,,,,,,,,,7.12,,,,12.03,9.35,,,,,,,,,,
blues.00034.wav,,,,,,,,,,12.72,10.93,,,,,,7.36,,,,,,,
blues.00035.wav,,,,,,,6.97,,,,,,,,7.43,7.3,,,,,,,,
blues.00036.wav,,,,,,,,7.87,,,,,11.12,9.05,,,,,,,,,,
blues.00037.wav,,,8.71,,,,,,,,,,10.75,15.2,,,,,,,,,,
blues.00038.wav,,,,,,,,,,,,,,,,6.38,,,,,,9.41,8.95,
blues.00039.wav,,,,,,,,,7.49,,,,11.71,8.41,,,,,,,,,,
blues.00040.wav,,,,,,,,,,,,,,,,9.01,,,,8.1,,,,11.45
blues.00041.wav,,,,,,,,,,,,,,,,7.27,,,,,,7.99,12.0,
blues.00042.wav,,,,,,,11.01,,,,,7.95,,,10.04,,,,,,,,,
blues.00043.wav,,,,9.88,7.61,,10.79,,,,,,,,,,,,,,,,,
blues.00044.wav,,,,,,,,,,,,,,,,,,,,,,8.65,11.71,7.64
blues.00045.wav,,,,,,,,,7.54,,,,,,,,,,,,,7.37,8.41,
blues.00046.wav,,,,,,,,,,,,,,,,9.25,,,,,,,11.19,8.38
blues.00047.wav,,,,,,,,,,,,,,,,,,7.81,10.39,9.02,,,,
blues.00048.wav,,,,,,,,,,,,,,,,,,,,,,8.62,10.24,6.82
blues.00049.wav,,,,,,,,,9.15,,,,,,,,,,,,,8.44,7.67,
blues.00050.wav,,,,8.75,8.65,,11.14,,,,,,,,,,,,,,,,,
blues.00051.wav,,,,10.2,12.66,,,,,,,,,,,6.55,,,,,,,,
blues.00052.wav,10.23,8.11,9.03,,,,,,,,,,,,,,,,,,,,,
blues.00053.wav,,,,,,,,,,,,,,,,9.47,,,8.3,,,,,11.2
blues.00054.wav,,,,,,,,,,7.63,8.25,,,,,,11.06,,,,,,,
blues.00055.wav,11.63,10.5,9.01,,,,,,,,,,,,,,,,,,,,,
blues.00056.wav,,,,12.06,9.53,8.8,,,,,,,,,,,,,,,,,,
blues.00057.wav,,,,9.38,8.22,,11.53,,,,,,,,,,,,,,,,,
blues.00058.wav,,,,,,,,,,,,,,,,,,,8.78,8.33,,,,8.3
blues.00059.wav,10.28,7.47,7.37,,,,,,,,,,,,,,,,,,,,,
blues.00060.wav,,,,,,9.13,,,,,7.34,,,,,,11.22,,,,,,,
blues.00061.wav,,,,,,,,7.2,,,,,,,,,,,,,,,8.68,7.15
blues.00062.wav,,,,,,,,,,,,,7.35,10.54,,,,,,6.96,,,,
blues.00063.wav,,,,,,,,,,,,,9.33,7.88,,,,,,,9.43,,,
blues.00064.wav,,,8.1,,,,,,,,,,9.22,8.83,,,,,,,,,,
blues.00065.wav,6.55,,10.6,,,,,,,,,,,,,,,,,,10.48,,,
blues.00066.wav,9.67,,,,,,,,,,9.15,9.72,,,,,,,,,,,,
blues.00067.wav,10.86,8.43,,,,,,,,,,,,,,,,,,,8.34,,,
blues.00068.wav,,,,,,,,,7.27,,,,10.2,8.14,,,,,,,,,,
blues.00069.wav,7.98,8.37,7.11,,,,,,,,,,,,,,,,,,,,,
blues.00070.wav,,,,,,,,,8.82,,,7.99,,,12.97,,,,,,,,,
blues.00071.wav,,,8.0,,,,,,,,,,10.03,9.57,,,,,,,,,,
blues.00072.wav,11.97,7.53,,8.99,,,,,,,,,,,,,,,,,,,,
blues.00073.wav,,,,,,,,,,,,,,,,,,,,,,6.46,9.71,6.7
blues.00074.wav,,,,,,,,6.96,,,,,,,,,,,,,,7.52,9.48,
blues.00075.wav,,,10.82,,,,,,,,,,10.21,9.01,,,,,,,,,,
blues.00076.wav,,,,,,,,11.2,,,,,,,,,,,,,,9.37,8.5,
blues.00077.wav,,,7.68,,,,,,,,,,8.89,8.94,,,,,,,,,,
blues.00078.wav,,,,,,,,,,,,,,,,9.47,,,,,,8.77,10.56,
blues.00079.wav,,,,,,,7.71,,,,,,,,,,,,,,,11.76,9.08,
blues.00080.wav,8.85,,8.69,,,,,,,,,,,,,,,,,,9.73,,,
blues.00081.wav,10.73,,,,,,,,,,7.16,7.63,,,,,,,,,,,,
blues.00082.wav,,,,,,,,,,8.39,7.63,,,,,,9.53,,,,,,,
blues.00083.wav,,,,,,,,9.21,9.36,,,,11.06,,,,,,,,,,,
blues.00084.wav,,8.9,,,,,,,,,,,,,,,,,,,9.54,,9.34,
blues.00085.wav,10.61,,7.36,,,,,,,,,,,,,,,,,,7.31,,,
blues.00086.wav,7.71,8.68,,,,,,,,,6.76,,,,,,,,,,,,,
blues.00087.wav,,,,,,,,,,,,,,,8.18,,,,8.22,10.71,,,,
blues.00088.wav,,9.74,,,,,,,9.95,9.28,,,,,,,,,,,,,,
blues.00089.wav,,,,,9.79,14.2,,,,,,,,,,,12.54,,,,,,,
blues.00090.wav,,,,8.55,8.94,,,,,,,,,,,,8.29,,,,,,,
blues.00091.wav,,,,7.56,8.68,,,,,,,,,,,,,,7.75,,,,,
blues.00092.wav,,,,7.68,8.39,,,,,,,,,,,,,9.01,,,,,,
blues.00093.wav,,,,7.34,9.52,7.96,,,,,,,,,,,,,,,,,,
blues.00094.wav,,,,,,9.35,,,,,,,,,,,10.2,,9.4,,,,,
blues.00095.wav,,,6.54,8.71,7.48,,,,,,,,,,,,,,,,,,,
blues.00096.wav,,,,9.96,11.87,,,,,,,,,,,,,,7.21,,,,,
blues.00097.wav,,,,,,,,,,,,,,,,,,8.54,10.05,9.83,,,,
blues.00098.wav,7.9,9.1,7.54,,,,,,,,,,,,,,,,,,,,,
blues.00099.wav,,,8.52,,,7.01,,,,,,,7.15,,,,,,,,,,,
classical.00000.wav,,,,,,,,,,,10.72,7.92,,,,,8.39,,,,,,,
classical.00001.wav,8.37,,,,,,,,,,9.24,12.23,,,,,,,,,,,,
classical.00002.wav,,,,,6.55,,,,,,7.38,,,,,,8.6,,,,,,,
classical.00003.wav,7.13,,8.11,,,,,,,,,,,,,,,,,,7.04,,,
classical.00004.wav,,,8.81,,,9.3,,,,,,,7.58,,,,,,,,,,,
classical.00005.wav,,,,,,,,,,,,,,,,,,,,,9.04,,10.11,10.31
classical.00006.wav,,,7.92,,,,,,,,,,,8.3,,,,,,,11.08,,,
classical.00007.wav,,,,,,,,8.51,,,,,,,,,,,,,,8.47,10.4,
classical.00008.wav,,,6.7,,,,,,,,,,8.49,,,,,,,,6.68,,,
classical.00009.wav,8.07,8.57,,,,,,,,,,,,,,,,,,,8.34,,,
classical.00010.wav,,,,,,,,11.38,,,,,7.0,,,,,,,,,,6.7,
classical.00011.wav,7.04,,9.61,,,,,,,,,,,,,,,,,,11.68,,,
classical.00012.wav,,,9.61,,,,,,,,,,10.07,8.34,,,,,,,,,,
classical.00013.wav,10.09,,7.52,,,,,,,,,,,,,,,,,,7.22,,,
classical.00014.wav,10.72,,6.95,,,,,,,,6.77,,,,,,,,,,,,,
classical.00015.wav,6.59,,6.91,9.38,,,,,,,,,,,,,,,,,,,,
classical.00016.wav,8.21,,,,,,,,,8.15,9.94,,,,,,,,,,,,,
classical.00017.wav,,,,,6.68,7.87,,,,,,,,,,,8.71,,,,,,,
classical.00018.wav,,,,,,,,,,,,,,9.73,,9.14,,,,,,,,8.84
classical.00019.wav,,,,,,,,,,,,,,,,,,,,,7.83,,9.02,10.24
classical.00020.wav,,,,,,,,8.18,,,,,,,,,,,,,,,8.94,6.55
classical.00021.wav,,,,,,,,,10.87,,,,8.46,,7.98,,,,,,,,,
classical.00022.wav,,,,,,,,8.01,,,,,9.79,8.21,,,,,,,,,,
classical.00023.wav,,,,,,,,,,,,,,,,,,,,,,9.98,11.9,6.69
classical.00024.wav,,11.69,,,,,,7.28,,,,,,,,,,,,,,,7.44,
classical.00025.wav,,10.21,,,,,,8.16,,,,,,,,,,,,,,,7.65,
classical.00026.wav,10.33,,8.36,,,,,,,,,,,,,,,,,,7.04,,,
classical.00027.wav,,,8.55,,,,,,9.07,,,,9.82,,,,,,,,,,,
classical.00028.wav,10.91,8.25,7.02,,,,,,,,,,,,,,,,,,,,,
classical.00029.wav,8.57,,7.69,,,,,,,,7.03,,,,,,,,,,,,,
classical.00030.wav,,8.48,,,,,,8.46,,,,,,,,,,,,,,,9.23,
classical.00031.wav,11.13,9.78,,,,,,,,,7.75,,,,,,,,,,,,,
classical.00032.wav,,,,,,,,,,,,,,,,,,6.61,10.16,10.3,,,,
classical.00033.wav,,,,,,,,,,,,,,9.58,,,,,,8.24,,,,9.45
classical.00034.wav,,,6.65,,,,,,,,,,8.78,6.99,,,,,,,,,,
classical.00035.wav,,,,,8.94,,,,,,,,,,,,,10.57,8.61,,,,,
classical.00036.wav,,,,,,,,,,,,,,,,,12.41,,13.09,,,,9.01,
classical.00037.wav,,,,,,9.51,,,,9.28,,,,,,,9.59,,,,,,,
classical.00038.wav,8.25,7.75,,,,,,,,,7.57,,,,,,,,,,,,,
classical.00039.wav,,,,,,,12.4,,,,,9.12,,,,7.25,,,,,,,,
classical.00040.wav,,,,,,,,,,,,,,,9.92,,,14.67,,8.05,,,,
classical.00041.wav,,,8.5,8.1,,,,,,9.71,,,,,,,,,,,,,,
classical.00042.wav,,,7.97,8.84,,9.77,,,,,,,,,,,,,,,,,,
classical.00043.wav,,,,,,,,9.58,,,,,,,,,,,,,,7.97,10.83,
classical.00044.wav,,,,,,,,,,,,,,,,,,,,,8.78,,10.07,8.5
classical.00045.wav,,,8.48,8.48,,8.4,,,,,,,,,,,,,,,,,,
classical.00046.wav,,7.47,,,,,,,,7.21,10.8,,,,,,,,,,,,,
classical.00047.wav,7.21,,,8.44,,,,,,,,7.08,,,,,,,,,,,,
classical.00048.wav,,,,,,,9.56,,,,,,,,,8.68,,,,,,8.76,,
classical.00049.wav,8.15,,11.62,,,,,,,,,,,,,,,,,,8.22,,,
classical.00050.wav,,,,,,,,,8.82,,,,,,9.02,,,,,10.0,,,,
classical.00051.wav,8.74,,,,,,,,,8.62,,9.48,,,,,,,,,,,,
classical.00052.wav,,,,,,,,7.7,13.48,,,,,,8.72,,,,,,,,,
classical.00053.wav,,,,,,,,,,,,,,,,8.72,,,,,,,10.23,9.81
classical.00054.wav,,,,,,,,,,,,,,8.31,,,,,,,8.93,,,9.66
classical.00055.wav,,,,,8.76,,,,,,,,,,,,9.21,,7.15,,,,,
classical.00056.wav,11.7,8.84,,,,,,,,,7.95,,,,,,,,,,,,,
classical.00057.wav,,7.36,,,,,,6.68,,,,,,,,,,,,,7.4,,,
classical.00058.wav,8.38,6.77,7.41,,,,,,,,,,,,,,,,,,,,,
classical.00059.wav,,,7.91,,,8.15,,,,,,,8.84,,,,,,,,,,,
classical.00060.wav,,,10.81,,,9.88,,,,,,,8.69,,,,,,,,,,,
classical.00061.wav,,,11.09,,,9.47,,,,,,,,,,,,,,,8.84,,,
classical.00062.wav,,,,,,,,,7.91,,,,9.01,,8.28,,,,,,,,,
classical.00063.wav,,,,,,,9.74,,,,,,,,11.11,,,,,,,8.02,,
classical.00064.wav,,,,,,,,,,,,,,,,10.22,,,7.67,,,,,10.04
classical.00065.wav,,,,,,,,,,,,,,,,,,,,,7.26,9.26,8.17,
classical.00066.wav,,,,,,,,,,,,,,,,10.33,,,8.26,,,,,8.09
classical.00067.wav,8.68,,10.88,,,,,,,,,,,,,,,,,,7.79,,,
classical.00068.wav,,,7.52,,,,,,,,,,11.6,7.52,,,,,,,,,,
classical.00069.wav,,,7.58,,,,,,,,,,10.51,7.23,,,,,,,,,,
classical.00070.wav,,,,,,10.8,,,,7.96,,,8.88,,,,,,,,,,,
classical.00071.wav,,,8.63,,,,,,,,,,10.91,8.35,,,,,,,,,,
classical.00072.wav,,,,,,,,10.17,,9.44,,,8.65,,,,,,,,,,,
classical.00073.wav,,,,,,,,8.16,,,,,10.37,7.75,,,,,,,,,,
classical.00074.wav,,,,,,,,10.4,,7.91,,,9.74,,,,,,,,,,,
classical.00075.wav,,,,,,,,,,,,,,10.77,,,,,,7.99,,,,7.14
classical.00076.wav,,,,,,,,,,,,,,,,,,,,,7.75,,8.01,11.2
classical.00077.wav,,,,,,,,,,,,,,,,,,,,,8.95,,9.85,7.89
classical.00078.wav,,,,,,,,,,,,,,,,,,,,,8.28,,8.89,11.28
classical.00079.wav,,,,,,,,9.11,,,,,,,,,,,,,,8.37,10.67,
classical.00080.wav,,,,11.18,,,8.39,,,,,7.23,,,,,,,,,,,,
classical.00081.wav,,,,,,,,,,8.82,11.38,8.24,,,,,,,,,,,,
classical.00082.wav,9.54,10.52,,,,,,6.85,,,,,,,,,,,,,,,,
classical.00083.wav,,,8.8,,,9.47,,,,,,,11.33,,,,,,,,,,,
classical.00084.wav,,9.35,,,,,,,,,,,,,,,,,,,8.81,,9.34,
classical.00085.wav,,7.75,,,,,,8.79,,7.67,,,,,,,,,,,,,,
classical.00086.wav,,,,,,,,6.17,,,,,,,,,,,,,,,10.24,7.48
classical.00087.wav,9.27,,,,,,,,,,8.9,7.2,,,,,,,,,,,,
classical.00088.wav,,,,,,,,,,,,,,,,7.9,,,,,,,8.28,11.52
classical.00089.wav,,,,,9.95,,7.07,,,,,,,,,8.16,,,,,,,,
classical.00090.wav,,,,,,,,,,,,,,,,9.16,,,10.97,,,,,8.97
classical.00091.wav,,,,,10.34,,,,,,,,,,,,8.35,,9.14,,,,,
classical.00092.wav,,,8.01,,7.05,11.91,,,,,,,,,,,,,,,,,,
classical.00093.wav,,,,,,,,,,,,,,12.3,,,,,,10.82,,,,7.65
classical.00094.wav,8.99,10.4,,,,,,,,,8.79,,,,,,,,,,,,,
classical.00095.wav,,8.72,,,,,,10.46,,,,,,,,,,,,,,,8.65,
classical.00096.wav,6.79,,,,,,,,,10.18,11.62,,,,,,,,,,,,,
classical.00097.wav,,,,,,11.3,,,,,,,9.52,,,,11.08,,,,,,,
classical.00098.wav,,,7.73,,,,,,,,,,11.27,9.61,,,,,,,,,,
classical.00099.wav,7.83,10.66,,,,,,,,,,,,,,,,,,,,,10.28,
country.00000.wav,9.91,10.37,,,,,,,,,7.25,,,,,,,,,,,,,
country.00001.wav,9.66,,10.57,8.66,,,,,,,,,,,,,,,,,,,,
country.00002.wav,,,,,7.35,9.2,,,,,,,,,,,11.21,,,,,,,
country.00003.wav,,,,,,,,,,,,,,,,6.99,,,,,,,9.98,10.73
country.00004.wav,,,7.3,,,8.87,,,,,,,11.47,,,,,,,,,,,
country.00005.wav,11.66,,,9.14,,,,,,,,8.26,,,,,,,,,,,,
country.00006.wav,,,,,,,,11.06,,8.78,,,8.57,,,,,,,,,,,
country.00007.wav,,,,,7.6,,,,,,,,,,,,11.43,,6.97,,,,,
country.00008.wav,,,7.52,,,7.95,,,,,,,12.05,,,,,,,,,,,
country.00009.wav,,,,,,,,,,,,,,,,9.74,,,,,,,7.73,9.97
country.00010.wav,,,11.24,,,,,,,,,,,7.26,,,,,,,8.43,,,
country.00011.wav,,7.97,,,,,,,,,,,,,,,,,,,6.9,,8.44,
country.00012.wav,7.24,,12.02,,,,,,,,,,,,,,,,,,7.09,,,
country.00013.wav,,,,,,8.53,,,,,,,,,,,10.88,9.78,,,,,,
country.00014.wav,,,,,,,,,,7.85,8.12,,,,,,11.61,,,,,,,
country.00015.wav,,,,,,,,,,,,,,,,,,,,,,7.52,9.05,8.64
country.00016.wav,,,,,,,,,9.28,,,,,,12.57,,,,,7.64,,,,
country.00017.wav,7.79,,,,,,,,,7.91,10.83,,,,,,,,,,,,,
country.00018.wav,,,8.76,,,,,,,,,,11.05,7.99,,,,,,,,,,
country.00019.wav,,,,,,,,,,,,,,9.38,,,,,,10.27,,,,9.45
country.00020.wav,,,,,,,,10.91,9.36,,,,,,,,,,,,,7.52,,
country.00021.wav,,,8.51,,,9.22,,,,,,,10.21,,,,,,,,,,,
country.00022.wav,,,,,,,8.7,,,,,,,,,11.04,,,,,,,,8.8
country.00023.wav,,,,,,,,,7.71,,,,10.91,8.13,,,,,,,,,,
country.00024.wav,8.73,,11.42,,,,,,,,,,,,,,,,,,9.15,,,
country.00025.wav,,,,,,,,,,,,,,9.09,,,,,,,9.39,,,9.72
country.00026.wav,9.81,,,,,,,,,,9.0,7.71,,,,,,,,,,,,
country.00027.wav,,,,,7.3,8.32,,,,,,,,,,,10.39,,,,,,,
country.00028.wav,7.21,,,,,,,,,7.13,11.44,,,,,,,,,,,,,
country.00029.wav,,,,,,,,,,,,,,8.21,,,,,,11.49,,,,7.97
country.00030.wav,,7.6,,,,,,,,7.3,10.89,,,,,,,,,,,,,
country.00031.wav,,,9.47,,,,,,,,,,8.37,,,,,,,,6.82,,,
country.00032.wav,,,,7.65,10.27,,7.77,,,,,,,,,,,,,,,,,
country.00033.wav,,,,6.68,8.28,,10.7,,,,,,,,,,,,,,,,,
country.00034.wav,,,,,,,,,,7.18,9.68,,,,,,7.1,,,,,,,
country.00035.wav,,,6.74,,,,,,,,,,11.71,7.88,,,,,,,,,,
country.00036.wav,,,,,,,,,,,,,,,,,,,9.84,11.41,,,,7.53
country.00037.wav,,,,,,,,,,,,,,,,,,,,8.15,,7.43,,6.74
country.00038.wav,10.68,,10.8,9.52,,,,,,,,,,,,,,,,,,,,
country.00039.wav,,,,,,,,,,,,,,,,,10.26,8.84,11.35,,,,,
country.00040.wav,10.35,,,,,,,,,,9.26,8.45,,,,,,,,,,,,
country.00041.wav,,,,,,11.14,,,,7.39,,,,,,,9.56,,,,,,,
country.00042.wav,,,,,,8.8,,,,,6.74,,,,,,9.2,,,,,,,
country.00043.wav,,,,,,,,,,7.93,11.06,,,,,,7.07,,,,,,,
country.00044.wav,,,,,10.28,,,,,,,,,,,8.1,6.93,,,,,,,
country.00045.wav,,,,,11.64,,,,,,,,,,,,9.77,,7.19,,,,,
country.00046.wav,,,,,,,,11.84,,8.13,,,,,,,,,,,,,7.05,
country.00047.wav,7.68,,10.24,,,,,,,,,,,,,,,,,,7.22,,,
country.00048.wav,,,,,,,,10.76,9.65,,,,7.79,,,,,,,,,,,
country.00049.wav,11.65,,,,,,,,,,8.57,8.63,,,,,,,,,,,,
country.00050.wav,,,8.56,,,8.86,,,,,,,8.08,,,,,,,,,,,
country.00051.wav,,,,7.69,11.27,6.62,,,,,,,,,,,,,,,,,,
country.00052.wav,,,,,,,,,6.18,,,,11.01,9.57,,,,,,,,,,
country.00053.wav,,,,,7.41,9.14,,,,,,,,,,,9.68,,,,,,,
country.00054.wav,,,,,,,,8.62,,,,,,,,,,,,,,7.5,10.08,
country.00055.wav,,,,,11.31,,7.87,,,,,,,,,,,,8.34,,,,,
country.00056.wav,,,,,,,,,7.89,,,,11.43,8.46,,,,,,,,,,
country.00057.wav,,,,,,,,,,,,,,,,8.0,,,,8.25,,,,8.81
country.00058.wav,,,,,,,,7.25,,,,,,,,,,,,,,8.75,10.73,
country.00059.wav,,,,,,,,,,,,,,7.85,,,,,,,,,9.71,8.45
country.00060.wav,,,8.58,,,,,,,,,,10.24,10.71,,,,,,,,,,
country.00061.wav,,,,,,,,,,6.86,9.6,,,,,,7.1,,,,,,,
country.00062.wav,,,,,,,,,,10.45,9.79,,,,,,7.61,,,,,,,
country.00063.wav,10.38,,,,,,,,,,8.01,11.6,,,,,,,,,,,,
country.00064.wav,,,,,,,,6.54,,,,,9.58,7.64,,,,,,,,,,
country.00065.wav,,,,6.82,10.49,,6.83,,,,,,,,,,,,,,,,,
country.00066.wav,,,,,,8.52,,,,,7.23,,,,,,10.29,,,,,,,
country.00067.wav,,,,,,,,,8.77,,,,,7.39,,,,,,9.11,,,,
country.00068.wav,,,,,,,,,,9.7,12.03,8.18,,,,,,,,,,,,
country.00069.wav,,6.92,,,,,,,,8.05,10.84,,,,,,,,,,,,,
country.00070.wav,,,,8.1,12.16,,,,,,,,,,,,7.6,,,,,,,
country.00071.wav,8.05,,,,,,,,,,10.14,8.23,,,,,,,,,,,,
country.00072.wav,,,,,,,,,,,9.1,,,,,,8.62,10.33,,,,,,
country.00073.wav,,,,,8.61,,9.84,,,,,7.25,,,,,,,,,,,,
country.00074.wav,11.1,8.33,,,,,,,,,,,,,,,,,,,7.48,,,
country.00075.wav,,,,,,9.86,,,,,6.56,,,,,,10.23,,,,,,,
country.00076.wav,,,,,,,,,,7.26,10.14,,,,,,8.77,,,,,,,
country.00077.wav,,,9.98,,,,,,,,,,10.36,8.27,,,,,,,,,,
country.00078.wav,,,,,7.74,,,,,,,,,,,,8.71,7.62,,,,,,
country.00079.wav,,,10.81,,,8.41,,,,,,,8.02,,,,,,,,,,,
country.00080.wav,8.04,7.78,,,,,,,,,10.25,,,,,,,,,,,,,
country.00081.wav,,,,,9.52,9.9,,,,,,,,,,,9.83,,,,,,,
country.00082.wav,11.11,7.9,8.19,,,,,,,,,,,,,,,,,,,,,
country.00083.wav,,,,,9.58,,,,,,,,,,,,8.47,,8.15,,,,,
country.00084.wav,10.02,6.71,7.15,,,,,,,,,,,,,,,,,,,,,
country.00085.wav,,,,,7.68,9.84,,,,,,,,,,,10.68,,,,,,,
country.00086.wav,,,,,,,,11.27,,7.92,,,7.94,,,,,,,,,,,
country.00087.wav,8.48,,10.17,,,8.56,,,,,,,,,,,,,,,,,,
country.00088.wav,,,,7.91,9.57,,,,,,,,,,,,8.0,,,,,,,
country.00089.wav,,,,,7.09,8.12,,,,,,,,,,,8.66,,,,,,,
country.00090.wav,,,,8.06,9.94,,10.51,,,,,,,,,,,,,,,,,
country.00091.wav,,,,,,,,,,,,,,,,,,,,,,7.0,10.01,8.05
country.00092.wav,11.3,,9.19,9.8,,,,,,,,,,,,,,,,,,,,
country.00093.wav,8.03,6.92,,,,,,,,,10.38,,,,,,,,,,,,,
country.00094.wav,9.01,,10.07,,,,,,,,,,,,,,,,,,8.01,,,
country.00095.wav,,,,,,,,8.95,,7.66,,,8.83,,,,,,,,,,,
country.00096.wav,11.25,8.22,6.85,,,,,,,,,,,,,,,,,,,,,
country.00097.wav,,,,,,,,7.51,,,,,9.22,7.01,,,,,,,,,,
country.00098.wav,7.19,,11.33,,,,,,,,,,,,,,,,,,8.04,,,
country.00099.wav,,,,,,,8.25,,,,,,,,11.05,,,8.58,,,,,,
disco.00000.wav,,,,7.65,,,,,,,7.6,,,,,,6.8,,,,,,,
disco.00001.wav,,,8.04,8.12,,9.82,,,,,,,,,,,,,,,,,,
disco.00002.wav,7.81,,,11.32,,,,,,,10.53,,,,,,,,,,,,,
disco.00003.wav,,,,,,7.3,,,9.26,,,,7.75,,,,,,,,,,,
disco.00004.wav,,,,,9.76,,8.28,,,,,,,,,,,,7.76,,,,,
disco.00005.wav,,,,,,,,8.69,10.21,,,,,,,,,,,,,,8.63,
disco.00006.wav,,,,,,,,,,,,,,,,9.47,,,7.59,,,,,9.01
disco.00007.wav,,,,,,13.19,,,,,,,,,,,10.26,8.46,,,,,,
disco.00008.wav,,,,,,,,,,,,,,,,7.41,,,,9.0,,,,8.31
disco.00009.wav,,,,,,,,8.15,,,,,8.34,,,,,,,,7.53,,,
disco.00010.wav,,,,,,,,,,,,,,7.18,,,,,,8.0,,,,8.04
disco.00011.wav,,11.67,,,,15.28,,,,,,,,,,,11.7,,,,,,,
disco.00012.wav,,,9.2,,,11.18,,,,,,,,,,,,,,,9.62,,,
disco.00013.wav,,,,8.23,10.44,,,,,,,,,,,,7.3,,,,,,,
disco.00014.wav,,,,,,,8.99,,,,,,,,9.95,,,7.19,,,,,,
disco.00015.wav,,,8.27,8.74,,,,,,,7.26,,,,,,,,,,,,,
disco.00016.wav,,,,,,,,,,,,8.08,,,,,7.83,,10.21,,,,,
disco.00017.wav,,7.35,,,,,,8.39,,,,,,,,,,,,,10.43,,,
disco.00018.wav,,,,,,,,,,,,8.14,,,,,,,8.63,,8.88,,,
disco.00019.wav,,,,,,,,9.99,,,,,,,,,,,,,,10.8,11.51,
disco.00020.wav,,,,7.16,8.69,,11.61,,,,,,,,,,,,,,,,,
disco.00021.wav,,,10.5,,,8.38,,,,,,,,,,,,,,,11.33,,,
disco.00022.wav,,,,7.93,7.69,,10.9,,,,,,,,,,,,,,,,,
disco.00023.wav,,,,,,,,,,,,,,,,9.86,,,,,,,8.67,8.31
disco.00024.wav,,,,,,,,,,,,,,,8.32,,,,,8.43,,8.33,,
disco.00025.wav,,,,,,,,,6.95,,,,,9.34,,,,,,9.33,,,,
disco.00026.wav,,7.46,,,,,,,,,,,7.17,7.02,,,,,,,,,,
disco.00027.wav,,,,,,9.96,,,,,,,7.43,,,,9.36,,,,,,,
disco.00028.wav,9.54,10.14,,,,,,,,,8.78,,,,,,,,,,,,,
disco.00029.wav,,,,,8.91,,8.14,,,,,,,,,,,,8.41,,,,,
disco.00030.wav,7.49,,,8.15,,9.4,,,,,,,,,,,,,,,,,,
disco.00031.wav,8.65,,,,,,,,,,8.62,9.05,,,,,,,,,,,,
disco.00032.wav,,,,,,9.09,,,,9.17,,,8.89,,,,,,,,,,,
disco.00033.wav,,,,,,,,,,7.08,,,11.86,7.34,,,,,,,,,,
disco.00034.wav,6.83,7.57,,,,,,,,,11.15,,,,,,,,,,,,,
disco.00035.wav,,,,,,,,,,,,,,,,8.28,,,,,,10.6,8.84,
disco.00036.wav,,,9.61,,,,,,,,,,8.79,,,,,,,,8.78,,,
disco.00037.wav,,,,,,,,,,,,,,,10.66,,,12.16,,,,9.31,,
disco.00038.wav,,,,,,,,6.57,,,,,10.25,8.14,,,,,,,,,,
disco.00039.wav,10.62,,9.0,9.84,,,,,,,,,,,,,,,,,,,,
disco.00040.wav,,,,,,,,7.9,,9.36,,,,9.25,,,,,,,,,,
disco.00041.wav,,,,,,,,,,8.13,10.18,,,,,,8.46,,,,,,,
disco.00042.wav,9.05,8.0,,,,,,,,,,,,,,,,,,,7.52,,,
disco.00043.wav,,,10.11,,,8.83,,,,,,,10.13,,,,,,,,,,,
disco.00044.wav,,,,,,,,,,,,,,,,,,,,,8.72,,9.38,10.0
disco.00045.wav,,9.25,,,,,,8.82,,,,,,,,,,,,,7.63,,,
disco.00046.wav,8.41,9.92,,,,,,,,,,,,,,,,,,,6.9,,,
disco.00047.wav,7.72,,7.83,,,8.75,,,,,,,,,,,,,,,,,,
disco.00048.wav,,,,9.28,,,,,,10.46,8.63,,,,,,,,,,,,,
disco.00049.wav,,,,,9.39,,11.61,,,,,,,,,7.55,,,,,,,,
disco.00050.wav,,,8.43,,,,,,,,,,,8.52,,,,,,,9.95,,,
disco.00051.wav,,,7.96,,,,,,,,,,,8.87,,,,,,,9.97,,,
disco.00052.wav,,,,,,,,,,,,,,,,6.61,,,,,,7.08,7.77,
disco.00053.wav,,,,,7.56,,,,,,8.64,,,,,,11.05,,,,,,,
disco.00054.wav,,,,,10.92,11.2,,,,,,,,,,,8.65,,,,,,,
disco.00055.wav,,,9.86,,,,,,,,,,7.36,,,,,,,,9.93,,,
disco.00056.wav,9.57,,,8.82,,,,,,,,9.57,,,,,,,,,,,,
disco.00057.wav,,,,,,,,,,,,,,,,,,,,,10.38,,9.62,11.4
disco.00058.wav,,,,,,,,,,11.34,10.47,,7.4,,,,,,,,,,,
disco.00059.wav,8.41,,,,,,,,,,7.02,9.42,,,,,,,,,,,,
disco.00060.wav,,,10.29,,,,,,,,,,7.87,,,,,,,,9.13,,,
disco.00061.wav,,,7.67,,,,,,,,,,,8.12,,,,,,,10.55,,,
disco.00062.wav,,,7.8,,,,,,,,,,7.93,,,,,,,,8.42,,,
disco.00063.wav,,,,,,,,12.9,10.76,,,,8.91,,,,,,,,,,,
disco.00064.wav,,,,,,,,,,,,,,8.05,,,,,,9.9,,,,8.17
disco.00065.wav,,,,,,,,,,,8.89,9.28,,,,,,7.0,,,,,,
disco.00066.wav,,,,,8.57,7.49,,,,,,,,,,,10.02,,,,,,,
disco.00067.wav,,,,,9.31,8.39,,,,,,,,,,,10.9,,,,,,,
disco.00068.wav,,,,,,,,,,,,,,,9.66,,,8.97,,9.0,,,,
disco.00069.wav,,,8.43,,,,,,,,,,7.82,,,,,,,,9.64,,,
disco.00070.wav,,,8.18,,,,,,,,,,,8.83,,,,,,,10.0,,,
disco.00071.wav,,,,,,,8.73,,,,,,,,8.97,,,,,,,8.18,,
disco.00072.wav,,,,,,,,,,9.18,12.24,,,,,,7.46,,,,,,,
disco.00073.wav,,,,,,,,,,,,,,,,8.46,,,,,,,8.17,8.58
disco.00074.wav,,,,,,,,8.55,,,,,9.09,8.55,,,,,,,,,,
disco.00075.wav,7.77,,8.26,,,,,,,,,,,,,,,,,,8.8,,,
disco.00076.wav,,,,,,,,9.32,,7.57,,,7.79,,,,,,,,,,,
disco.00077.wav,9.25,,9.12,,,8.79,,,,,,,,,,,,,,,,,,
disco.00078.wav,,,,,,,,,7.34,,,,11.34,10.17,,,,,,,,,,
disco.00079.wav,,,,,,,,,8.68,,,,,8.67,,,,,,9.86,,,,
disco.00080.wav,,,,,,,,,8.53,,,,,,11.74,,,,,8.2,,,,
disco.00081.wav,,,8.81,,,9.27,,,,,,,8.25,,,,,,,,,,,
disco.00082.wav,,,,,,,,,,,,,,8.77,,,,,,,8.16,,,7.25
disco.00083.wav,,,,11.48,10.15,,,,,,,,,,,,,,8.9,,,,,
disco.00084.wav,,,,,,,,,,,,,,,,11.13,,,,7.38,,,,10.31
disco.00085.wav,,,,,,,,,,,,,8.3,9.06,,,,,9.62,,,,,
disco.00086.wav,,,8.17,,,,,,,,,,,7.57,,,,,,,8.81,,,
disco.00087.wav,,,9.36,,,,,,,,,,,8.61,,,,,,,9.7,,,
disco.00088.wav,7.83,8.51,7.9,,,,,,,,,,,,,,,,,,,,,
disco.00089.wav,,,10.05,,,,,,,,,,7.26,,,,,,,,9.12,,,
disco.00090.wav,,10.12,,,,,,,,8.23,,,8.3,,,,,,,,,,,
disco.00091.wav,8.68,,,,,,,,,,,,,,,,,,,,15.08,,,9.34
disco.00092.wav,,,,11.0,11.26,,,,,,,,,,,,,,11.23,,,,,
disco.00093.wav,,,9.24,,,6.93,,,,,,,9.1,,,,,,,,,,,
disco.00094.wav,,,8.27,,,,,,8.72,,,,,,,,,,,,8.97,,,
disco.00095.wav,7.07,7.44,,,,,,,,11.16,,,,,,,,,,,,,,
disco.00096.wav,11.24,8.49,8.99,,,,,,,,,,,,,,,,,,,,,
disco.00097.wav,,,,,,,9.72,,,,,11.68,,,7.07,,,,,,,,,
disco.00098.wav,8.32,,10.93,,,,,,,,,,,,,,,,,,7.7,,,
disco.00099.wav,8.32,,10.93,,,,,,,,,,,,,,,,,,7.7,,,
hiphop.00000.wav,,,,9.43,,8.45,,,,,,,,,,,8.25,,,,,,,
hiphop.00001.wav,,,,,,,,,,12.71,11.45,7.15,,,,,,,,,,,,
hiphop.00002.wav,,7.71,,,,,,12.46,11.71,,,,,,,,,,,,,,,
hiphop.00003.wav,,,,,,,,,,,,,,,,,,,6.87,,6.56,6.49,,
hiphop.00004.wav,,,,,,7.78,,,,,,,,,,,7.78,,,,,,8.7,
hiphop.00005.wav,8.76,9.37,,11.7,,,,,,,,,,,,,,,,,,,,
hiphop.00006.wav,,,,8.51,,,,,,,,,,,,8.71,,8.48,,,,,,
hiphop.00007.wav,,,,,10.22,12.97,,,,,,,,,,,10.08,,,,,,,
hiphop.00008.wav,,9.39,,,,,,,,,,,,,,15.04,,,,,,,7.84,
hiphop.00009.wav,,,,13.33,11.12,,7.17,,,,,,,,,,,,,,,,,
hiphop.00010.wav,,,,,,,,,,,,,,,,,,,8.05,9.11,,,,7.47
hiphop.00011.wav,,,,,,,,10.66,,11.3,,,10.29,,,,,,,,,,,
hiphop.00012.wav,,,,,9.36,,,,,,,,,,,,9.19,,8.77,,,,,
hiphop.00013.wav,,,,7.85,,,,,,,,,,,,7.78,,,,,,,8.34,
hiphop.00014.wav,,,,,,,,,,,,,,,,8.69,,,7.52,,,,,10.02
hiphop.00015.wav,,,,,,,,,,,,,,7.39,,7.24,,,,,,,,8.92
hiphop.00016.wav,7.92,,,,,8.99,,,,,,,,,,,,,,,9.01,,,
hiphop.00017.wav,,,,,,8.14,,,,8.82,,,,7.56,,,,,,,,,,
hiphop.00018.wav,,,,,,,,,,13.38,,,,,,,,,11.56,,,8.88,,
hiphop.00019.wav,,,,,9.97,,,,,9.72,,,,,,9.57,,,,,,,,
hiphop.00020.wav,,,,,,9.06,,,,,,,,,,8.23,7.22,,,,,,,
hiphop.00021.wav,6.82,8.82,,,,,,,,,,,,,,,,7.71,,,,,,
hiphop.00022.wav,,,,,,,,10.57,13.32,,,,,,6.5,,,,,,,,,
hiphop.00023.wav,7.29,,7.85,,,,,,,6.87,,,,,,,,,,,,,,
hiphop.00024.wav,,,,,,,,,,,,,,,,,,10.6,,9.8,,,,7.74
hiphop.00025.wav,,,,9.83,,,,,,,,,7.26,9.48,,,,,,,,,,
hiphop.00026.wav,7.96,,8.08,10.27,,,,,,,,,,,,,,,,,,,,
hiphop.00027.wav,10.54,,8.29,,,,,,,,,,,,,,,,,,15.05,,,
hiphop.00028.wav,,,,,,9.7,,,10.59,,,,,,,,,,9.29,,,,,
hiphop.00029.wav,,,,,,,,,,,,,,,,10.18,,,6.28,,,,,9.31
hiphop.00030.wav,,,11.33,,,8.38,,,,,,,10.24,,,,,,,,,,,
hiphop.00031.wav,,8.48,,,,,,9.18,8.77,,,,,,,,,,,,,,,
hiphop.00032.wav,,,,,,,,,9.02,,,12.98,,,,,,,,,9.92,,,
hiphop.00033.wav,,,,9.97,8.99,,9.15,,,,,,,,,,,,,,,,,
hiphop.00034.wav,,,,11.46,,,8.0,,,,,,,,,,,8.99,,,,,,
hiphop.00035.wav,,,,,,10.12,,,7.56,,,,,,,,6.81,,,,,,,
hiphop.00036.wav,,,,,,7.51,,,,,,,,,,11.02,,,,,,,,9.72
hiphop.00037.wav,9.86,7.62,,,,,,,,,,,,,,,,,,,8.81,,,
hiphop.00038.wav,7.41,12.92,,,,,,,,,,,,10.84,,,,,,,,,,
hiphop.00039.wav,,,7.63,,,,,,10.91,,,,,,,,,,,,10.33,,,
hiphop.00040.wav,,,,,,,8.15,,,,,,,,8.15,,,,,,,9.52,,
hiphop.00041.wav,,,,,,,,,,,,,,,,,,9.55,9.4,10.18,,,,
hiphop.00042.wav,7.58,,,,,,,,,11.36,11.01,,,,,,,,,,,,,
hiphop.00043.wav,,,,,,8.15,,,,7.72,,,,,,,7.95,,,,,,,
hiphop.00044.wav,9.34,7.25,,,,,,,,,7.82,,,,,,,,,,,,,
hiphop.00045.wav,,,7.63,,,,,,10.91,,,,,,,,,,,,10.33,,,
hiphop.00046.wav,,,,,,,,8.81,,14.2,10.47,,,,,,,,,,,,,
hiphop.00047.wav,,11.37,,7.46,,,,,,,,,,8.05,,,,,,,,,,
hiphop.00048.wav,,,9.91,,,8.97,,,,,,,9.51,,,,,,,,,,,
hiphop.00049.wav,,,,,,8.49,,,,,,,,,,,9.47,,9.02,,,,,
hiphop.00050.wav,,,,,,,8.54,,9.9,,,,,,8.61,,,,,,,,,
hiphop.00051.wav,,,,,10.21,10.4,,,,,,,,,,,11.42,,,,,,,
hiphop.00052.wav,,10.92,,,,,,7.39,,,,,,,,,,,,,,,9.21,
hiphop.00053.wav,,,,,,9.12,,,,,,,,,7.74,,,7.97,,,,,,
hiphop.00054.wav,,13.18,,,,9.83,,,,,,,,,,9.75,,,,,,,,
hiphop.00055.wav,,,,15.41,10.93,,8.27,,,,,,,,,,,,,,,,,
hiphop.00056.wav,,,,,,,9.8,,,,,,10.64,,9.41,,,,,,,,,
hiphop.00057.wav,,7.85,,,,,,,,,,,,,,8.75,,,,,,,7.39,
hiphop.00058.wav,,,,,7.99,13.76,,,,,,,,,,,8.97,,,,,,,
hiphop.00059.wav,,,9.21,,,,,,,,,,12.45,12.09,,,,,,,,,,
hiphop.00060.wav,,,,,,,,,,,,,,,,8.87,,,9.28,,,,,9.85
hiphop.00061.wav,8.83,,9.76,,,9.67,,,,,,,,,,,,,,,,,,
hiphop.00062.wav,,,,10.95,9.11,,,,,,,,,,,,,8.54,,,,,,
hiphop.00063.wav,,,,,,,,,8.27,,,,,,9.7,,,,,,,8.04,,
hiphop.00064.wav,,,,,,,,,10.02,,,,,,,9.19,,,,8.02,,,,
hiphop.00065.wav,,,,,,,,7.86,,14.8,13.18,,,,,,,,,,,,,
hiphop.00066.wav,,,,,,,7.64,,8.04,,,10.36,,,,,,,,,,,,
hiphop.00067.wav,8.96,13.25,,7.45,,,,,,,,,,,,,,,,,,,,
hiphop.00068.wav,,,7.8,,,,,,,,,,8.52,,,,,10.41,,,,,,
hiphop.00069.wav,,,,,9.89,,,,,,,,,,,,10.18,,10.27,,,,,
hiphop.00070.wav,,,,,,,,11.51,10.01,,,,10.13,,,,,,,,,,,
hiphop.00071.wav,,,8.09,,,,,,,,,,,,10.61,,,12.94,,,,,,
hiphop.00072.wav,,,,,,,8.14,,8.81,,,,,,8.21,,,,,,,,,
hiphop.00073.wav,,,,15.04,8.97,,8.88,,,,,,,,,,,,,,,,,
hiphop.00074.wav,9.64,9.22,,,,,,,,,11.9,,,,,,,,,,,,,
hiphop.00075.wav,7.3,9.26,,,,,,,,,,,,6.74,,,,,,,,,,
hiphop.00076.wav,,,,9.99,,,10.62,,,,,9.51,,,,,,,,,,,,
hiphop.00077.wav,,,9.07,,,,,,,,,,,,,,,,,,13.58,,,8.04
hiphop.00078.wav,,,,9.99,,,10.62,,,,,9.51,,,,,,,,,,,,
hiphop.00079.wav,,,,,,,,10.5,10.69,,,,,,,,,,,,,,10.3,
hiphop.00080.wav,,,,,,9.7,,,,,,,,,,11.62,,,,,,,,8.08
hiphop.00081.wav,,,,,,,,,7.83,,,,,,,,,,11.77,11.44,,,,
hiphop.00082.wav,9.57,8.93,,,,,,,,,,,,,,,,7.72,,,,,,
hiphop.00083.wav,,,,,,,,,,9.21,,,,13.17,,,,,,9.6,,,,
hiphop.00084.wav,,,,8.05,,,,,,,,,7.28,10.88,,,,,,,,,,
hiphop.00085.wav,,,,,,,,,,,,,,,,13.57,,,,6.94,,,,11.95
hiphop.00086.wav,,,,,8.17,,,,,,,,,,,12.88,,,,,,,,10.12
hiphop.00087.wav,,,,,7.96,8.75,,,,,,,,,,,8.02,,,,,,,
hiphop.00088.wav,,,,,,,,9.44,,9.49,7.98,,,,,,,,,,,,,
hiphop.00089.wav,,,7.74,9.0,,,,,,,,,,9.87,,,,,,,,,,
hiphop.00090.wav,,,,8.2,,,,,,,,,8.39,13.05,,,,,,,,,,
hiphop.00091.wav,,,,,,,,,9.0,,,,,,9.36,,,11.64,,,,,,
hiphop.00092.wav,,,,,,7.76,,,,,,,,,,9.28,6.74,,,,,,,
hiphop.00093.wav,,,,,7.23,12.2,,,,,,,,,,,7.34,,,,,,,
hiphop.00094.wav,,,,,,10.95,,,,,,,,,,,7.73,10.43,,,,,,
hiphop.00095.wav,11.67,,7.15,,,,,,,,,7.13,,,,,,,,,,,,
hiphop.00096.wav,,,8.91,14.69,11.99,,,,,,,,,,,,,,,,,,,
hiphop.00097.wav,,8.11,,,,,,,,,,,,,,7.58,,,,,,,10.08,
hiphop.00098.wav,,,,,,7.7,,,,,,,,,,,8.58,,,,,,,7.57
hiphop.00099.wav,9.55,10.44,,,,,,,,,10.03,,,,,,,,,,,,,
jazz.00000.wav,,,10.7,,,7.04,,,,,,,,,,,,,,,6.87,,,
jazz.00001.wav,,,,,,,,,,,,,,,11.17,,,12.29,,8.49,,,,
jazz.00002.wav,,,,,,,,,10.83,,,,,,9.45,,,,,,,9.0,,
jazz.00003.wav,,,,8.9,10.02,,10.46,,,,,,,,,,,,,,,,,
jazz.00004.wav,9.29,,,11.34,,,,,,,,9.02,,,,,,,,,,,,
jazz.00005.wav,,,,,,,,10.16,9.05,,,,,,,,,,,,,,10.16,
jazz.00006.wav,,,,,,,9.69,,,,,8.1,,,,,,,,,,11.83,,
jazz.00007.wav,,,,,,,,8.55,10.71,,,,,,,,,,,,,9.59,,
jazz.00008.wav,,,,,,,,,8.16,,,,,,,,,,,,8.75,,7.47,
jazz.00009.wav,7.34,,,,,,,,,,8.83,8.92,,,,,,,,,,,,
jazz.00010.wav,8.92,10.02,,,,,,,,,,,,,,,,,,,6.69,,,
jazz.00011.wav,,11.14,,,,,,,,,,,,,,,,,,,7.9,,8.82,
jazz.00012.wav,,,,,,,,,,,,,,,,,,,,,7.81,,9.39,8.24
jazz.00013.wav,8.61,14.9,,,,,,,,,,,,,,,,,,,,,8.53,
jazz.00014.wav,,,8.53,,,6.99,,,,,,,7.63,,,,,,,,,,,
jazz.00015.wav,,9.85,,,,,,,,,,,,,,,,,,,6.97,,8.9,
jazz.00016.wav,,,,,8.07,8.23,8.41,,,,,,,,,,,,,,,,,
jazz.00017.wav,,,,,,,,9.59,8.61,,,,,,,,,,,,,,9.99,
jazz.00018.wav,,,,,,,,,,,,,,7.69,,7.62,,,,,,,,9.73
jazz.00019.wav,,,12.54,8.61,,,,,,,,,,,,,,,,,9.31,,,
jazz.00020.wav,,,,,,8.93,,,,,9.23,,,,,,8.34,,,,,,,
jazz.00021.wav,,,,,,,,,,8.08,8.83,,,,,,,10.25,,,,,,
jazz.00022.wav,,,,,,,,,,,,,,,,6.52,6.72,,,,,,,8.88
jazz.00023.wav,,,,,,,,,,,,,,,,,,,8.06,9.02,,,,9.68
jazz.00024.wav,,,,,,,,,,,,,,,,8.99,,,,,9.6,,,8.99
jazz.00025.wav,,10.9,,,,,,,,,6.72,,,,,,,,,,,,8.34,
jazz.00026.wav,,,,,,,,11.06,10.43,8.08,,,,,,,,,,,,,,
jazz.00027.wav,12.53,9.75,,,,,,,,,,,,,,,,,,,7.78,,,
jazz.00028.wav,10.18,10.56,,9.44,,,,,,,,,,,,,,,,,,,,
jazz.00029.wav,,,,,,,,,,8.35,,,,,,,,,8.54,7.27,,,,
jazz.00030.wav,,,,,,,,,9.26,7.82,,,,,,,7.91,,,,,,,
jazz.00031.wav,,,,,,9.39,,,,,,,7.78,,,8.23,,,,,,,,
jazz.00032.wav,8.84,,,,,,,,,,9.82,,,,,,,8.65,,,,,,
jazz.00033.wav,,,,,,,,9.2,,,,,,,,,9.71,,,,,,7.91,
jazz.00034.wav,,,,,,,,,,,,,,12.36,,10.07,,,,,,,,10.55
jazz.00035.wav,6.96,,8.65,,,8.08,,,,,,,,,,,,,,,,,,
jazz.00036.wav,,,,,,,,10.77,7.66,7.76,,,,,,,,,,,,,,
jazz.00037.wav,,,,,,,,7.23,9.51,,,,,,,,,,,7.22,,,,
jazz.00038.wav,,,,,,,,,,,,,,12.15,,,,,,9.21,,,,7.84
jazz.00039.wav,,,,,,,,,,,,,,,,,,,,,,7.47,7.83,8.09
jazz.00040.wav,,,,,,,,,,,,,,,,8.51,,,,,9.2,,,10.49
jazz.00041.wav,,,,,,,,8.57,8.24,,,,,,,,,,,,,,9.33,
jazz.00042.wav,,,,,,,11.87,,,,,,,,8.41,,,,,,,8.04,,
jazz.00043.wav,,,,,,,,,,,,,,8.87,,,,,,8.68,,,,10.66
jazz.00044.wav,,7.64,,,,,,,,11.2,8.09,,,,,,,,,,,,,
jazz.00045.wav,,,8.95,,,,,,,,,,,8.16,,,,,,,9.19,,,
jazz.00046.wav,,,,,,,,9.08,8.18,,,,,,,,,,,,,,8.47,
jazz.00047.wav,,,,,,11.15,,7.14,,,,,9.41,,,,,,,,,,,
jazz.00048.wav,9.64,,,,,,,,,8.49,8.8,,,,,,,,,,,,,
jazz.00049.wav,,,,,,7.72,,,,9.58,,,9.1,,,,,,,,,,,
jazz.00050.wav,10.92,9.71,,,,,,,,,9.07,,,,,,,,,,,,,
jazz.00051.wav,,,,,,,,9.23,,,,,,,,,9.71,,,,,,7.89,
jazz.00052.wav,,,9.53,,,8.71,,,,8.31,,,,,,,,,,,,,,
jazz.00053.wav,,,,,,,,,,,,,,12.36,,10.07,,,,,,,,10.55
jazz.00055.wav,6.96,,8.65,,,8.08,,,,,,,,,,,,,,,,,,
jazz.00056.wav,,,,,,,,,,10.52,11.66,,,,,,8.55,,,,,,,
jazz.00057.wav,,,,,,,,,,,,,,,,,,,,,7.96,,7.31,9.24
jazz.00058.wav,,,,,,,,10.77,7.66,7.76,,,,,,,,,,,,,,
jazz.00059.wav,,8.71,,,,,,,,,,,,,,,,,,,9.25,,9.23,
jazz.00060.wav,,,,,,,,7.23,9.51,,,,,,,,,,,7.22,,,,
jazz.00061.wav,8.92,,,,,,,,,,,,,,,,,,,,9.8,,,8.53
jazz.00062.wav,,,,,,,,,,,,,,12.15,,,,,,9.21,,,,7.84
jazz.00063.wav,,,,,,,,,,,,,,7.85,,,,,,,9.51,,,8.28
jazz.00064.wav,9.79,,8.89,,,,,,,8.72,,,,,,,,,,,,,,
jazz.00065.wav,,,,,,,,,,,,,,,,,,,,,,7.47,7.83,8.09
jazz.00066.wav,,7.96,,,,,,,,,,,,,,,,,,,7.94,,8.36,
jazz.00067.wav,,,,,,,,,,,,,,,,8.57,,,,,9.18,,,10.49
jazz.00068.wav,,,,,,,11.87,,,,,,,,8.41,,,,,,,8.03,,
jazz.00069.wav,,,,,,,,,,,,,,8.87,,,,,,8.68,,,,10.66
jazz.00070.wav,,7.64,,,,,,,,11.2,8.09,,,,,,,,,,,,,
jazz.00071.wav,,,8.95,,,,,,,,,,,8.16,,,,,,,9.19,,,
jazz.00072.wav,,,,,,,,9.38,8.41,,,,,,,,,,,,,,8.43,
jazz.00073.wav,,,9.78,,,8.86,,,,,,,,,,,,,,,9.08,,,
jazz.00074.wav,9.29,,8.27,9.01,,,,,,,,,,,,,,,,,,,,
jazz.00075.wav,,,,,,,,,,,,,,8.66,,,,,,,7.25,,,8.18
jazz.00076.wav,,,9.75,,,9.19,,,,,,,,,,,,,,,9.16,,,
jazz.00077.wav,,,,,,8.37,,,,9.79,,,9.2,,,,,,,,,,,
jazz.00078.wav,,,,,,9.93,,,,9.41,,,9.08,,,,,,,,,,,
jazz.00079.wav,,,,,8.47,7.07,,,,,,,,,,,7.11,,,,,,,
jazz.00080.wav,,,,,,8.81,,,,10.6,9.31,,,,,,,,,,,,,
jazz.00081.wav,,,,,,,,,,13.65,11.7,8.63,,,,,,,,,,,,
jazz.00082.wav,9.94,,6.63,,,,,,,,6.45,,,,,,,,,,,,,
jazz.00083.wav,,,,8.87,,,,,,8.66,8.4,,,,,,,,,,,,,
jazz.00084.wav,,,8.72,,,,,,,,,,,,,,,,8.52,,11.77,,,
jazz.00085.wav,,,,,,,,,,,,,,9.07,8.63,,,,,,,9.09,,
jazz.00086.wav,10.82,,8.1,,,,,,,,,,,,,,,,,,7.81,,,
jazz.00087.wav,,,,,,,,,,11.65,10.95,,,,,,8.27,,,,,,,
jazz.00088.wav,,7.38,,,,,,,,,,,,8.45,,,,,,,,,,8.8
jazz.00089.wav,,,,,,8.91,,,,8.71,8.52,,,,,,,,,,,,,
jazz.00090.wav,,,,,,,,,,14.53,7.29,,9.45,,,,,,,,,,,
jazz.00091.wav,,,,,,,,,8.5,,,,,,,8.31,,,,,,7.32,,
jazz.00092.wav,9.2,,9.37,,,,,,,,,,,,,,,,,,10.97,,,
jazz.00093.wav,,,,,,,,,,,,,,,,,,,,,8.95,,8.13,7.55
jazz.00094.wav,8.48,,9.29,8.13,,,,,,,,,,,,,,,,,,,,
jazz.00095.wav,8.5,,7.91,,,,,,,,,,,,,,,,,,7.46,,,
jazz.00096.wav,,,,,,,,9.4,9.12,,,,,,,,,,,,,,7.5,
jazz.00097.wav,,,,,,,,,,,,,,,,9.88,,,,,,,8.76,11.91
jazz.00098.wav,9.56,,10.52,,,,,,,,,,,,,,,,,,9.03,,,
jazz.00099.wav,,,,,,,,,,,,,,8.56,,,,,,,8.69,,,7.66
metal.00000.wav,,8.26,,,,,,7.6,,,,,,,,,,,,,6.95,,,
metal.00001.wav,,,,,,,,,8.92,,,,,,10.76,,,,,8.76,,,,
metal.00002.wav,,,,,,,,,,,10.05,,,,,,7.8,8.34,,,,,,
metal.00003.wav,,,,,,14.3,,,,,,,8.23,,,,9.91,,,,,,,
metal.00004.wav,,10.79,,,,,,,,7.98,9.54,,,,,,,,,,,,,
metal.00005.wav,8.41,,,,,,,,,8.04,8.94,,,,,,,,,,,,,
metal.00006.wav,,,,,,,,,8.38,,,,,,8.35,,,,,8.54,,,,
metal.00007.wav,11.1,8.74,,,,,,,,,7.39,,,,,,,,,,,,,
metal.00008.wav,,,9.13,,,,,,,,,,9.88,10.36,,,,,,,,,,
metal.00009.wav,,,,,,,,,,,,9.58,,,,13.01,,,,,,,,9.28
metal.00010.wav,7.64,,,7.31,,,,,,,,6.83,,,,,,,,,,,,
metal.00011.wav,,,,,,,7.64,,,,,,,,,8.62,,,,,7.46,,,
metal.00012.wav,,,9.37,,,13.31,,,,,,,9.15,,,,,,,,,,,
metal.00013.wav,,11.08,,,,,,,,7.68,8.83,,,,,,,,,,,,,
metal.00014.wav,9.07,,,9.75,,,,,,,,9.24,,,,,,,,,,,,
metal.00015.wav,,,7.56,12.04,8.95,,,,,,,,,,,,,,,,,,,
metal.00016.wav,,,,,,,,,7.2,,,,,,,,,,7.15,7.17,,,,
metal.00017.wav,,,,,9.15,,8.17,,,,,,,,,,,,,,,9.58,,
metal.00018.wav,,,,,,,,,,,,,,,,,,,12.38,10.65,,,,7.84
metal.00019.wav,,,,6.65,,,9.47,,,,,,,,,,,,,,,9.65,,
metal.00020.wav,,,,,8.61,,,,,,7.25,,,,,,,9.84,,,,,,
metal.00021.wav,,,8.5,9.81,,8.29,,,,,,,,,,,,,,,,,,
metal.00022.wav,,,,,8.28,9.61,,,,,,,,,,,12.16,,,,,,,
metal.00023.wav,,,10.64,,,,,,,,,,,8.84,,,,,,,10.26,,,
metal.00024.wav,,,,10.37,8.03,,6.93,,,,,,,,,,,,,,,,,
metal.00025.wav,,,,11.58,12.09,,8.18,,,,,,,,,,,,,,,,,
metal.00026.wav,,,,,8.6,10.11,,,,,,,,,,9.6,,,,,,,,
metal.00027.wav,,,,,,,,12.61,11.12,,,,,,,,,,,,,9.66,,
metal.00028.wav,,,,,,,8.65,,,,,,,,,,,,,,,11.92,6.75,
metal.00029.wav,,,,,,,,9.05,,,,,8.77,10.4,,,,,,,,,,
metal.00030.wav,,,9.61,,,10.03,,,,,,,,,,,,,9.57,,,,,
metal.00031.wav,,,,,,,,,,,,,,,,8.42,,,,,,,7.45,8.63
metal.00032.wav,9.09,,8.81,10.62,,,,,,,,,,,,,,,,,,,,
metal.00033.wav,,,8.2,,,7.38,,,,,,,9.75,,,,,,,,,,,
metal.00034.wav,8.96,,8.35,9.84,,,,,,,,,,,,,,,,,,,,
metal.00035.wav,,,,,,,,,,,,,,,,,7.1,,11.71,10.07,,,,
metal.00036.wav,,,,,,,,9.77,,,,,,,,,,,,,,9.77,9.94,
metal.00037.wav,,,,,,,7.86,,,,,,,,,,,,9.69,,,7.54,,
metal.00038.wav,,,,8.4,,,,9.11,,8.32,,,,,,,,,,,,,,
metal.00039.wav,,,,,8.95,,,,,,,,,,,9.99,,,,,,,,7.74
metal.00040.wav,,,,,,12.29,,,,,,,7.14,,,,8.5,,,,,,,
metal.00041.wav,,,,,,8.86,,,,8.13,,,,,,,8.27,,,,,,,
metal.00042.wav,,,,,11.14,11.35,,,,,,,,,,,11.16,,,,,,,
metal.00043.wav,,,,,,,,,,,,,,,10.93,,,13.3,,9.55,,,,
metal.00044.wav,,,9.62,9.52,,9.9,,,,,,,,,,,,,,,,,,
metal.00045.wav,7.23,,,,,9.1,,,,,8.71,,,,,,,,,,,,,
metal.00046.wav,,,,,,,,8.59,11.02,,,,,,,9.79,,,,,,,,
metal.00047.wav,,,,,,,,,,11.2,9.4,,,,,,,,,,8.38,,,
metal.00048.wav,,,,,,,,,,,,,,,,,,8.7,11.18,9.97,,,,
metal.00049.wav,,8.81,,,,10.7,,,,,,,,,,,7.61,,,,,,,
metal.00050.wav,,,,,,11.12,,,,,9.26,,,,,,9.96,,,,,,,
metal.00051.wav,11.05,8.38,,,,,,,,,9.8,,,,,,,,,,,,,
metal.00052.wav,,,,,,9.7,,,,,,,8.25,,,,,9.18,,,,,,
metal.00053.wav,,,,,,11.86,,,,,10.0,,,,,,10.83,,,,,,,
metal.00054.wav,,,,,,,,,,,,,,,,11.1,,,,10.52,,,,10.99
metal.00055.wav,,,,,,7.42,,,,,,8.3,,,,,,,,,7.84,,,
metal.00056.wav,,,,,7.17,7.68,,,,,,7.68,,,,,,,,,,,,
metal.00057.wav,,,,,7.47,,10.09,,,,,11.09,,,,,,,,,,,,
metal.00058.wav,8.71,,,,,7.76,,,,,8.01,,,,,,,,,,,,,
metal.00059.wav,,6.96,,,,,,11.64,8.52,,,,,,,,,,,,,,,
metal.00060.wav,,,,9.6,9.24,,,,,,,,,,,,7.1,,,,,,,
metal.00061.wav,,,,,,12.29,,,,,,,7.14,,,,8.5,,,,,,,
metal.00062.wav,,,,,,8.86,,,,8.13,,,,,,,8.27,,,,,,,
metal.00063.wav,,,,,11.14,11.35,,,,,,,,,,,11.16,,,,,,,
metal.00064.wav,,,,,,,,,,,,,,,10.93,,,13.3,,9.55,,,,
metal.00065.wav,,,9.62,9.52,,9.9,,,,,,,,,,,,,,,,,,
metal.00066.wav,7.23,,,,,9.1,,,,,8.71,,,,,,,,,,,,,
metal.00067.wav,,,8.74,,,8.86,,,,,,,11.74,,,,,,,,,,,
metal.00068.wav,,,,,,11.48,,,,,,,7.17,,,,9.13,,,,,,,
metal.00069.wav,,,,11.88,10.49,,,,,9.26,,,,,,,,,,,,,,
metal.00070.wav,,,,,,,,,,,6.53,,,,,,7.28,7.49,,,,,,
metal.00071.wav,,,,,,,,,,,,,,,,,8.13,6.62,10.27,,,,,
metal.00072.wav,,,,,,,,,,,,,,,,,,,,,,8.09,8.79,9.85
metal.00073.wav,,,,,,,,8.98,,,,,,,,,,,,,,11.36,9.9,
metal.00074.wav,,,,,,,,,,,,,,,,,,,11.14,11.3,,,,7.35
metal.00075.wav,,,,,7.6,,,,,,,,,,,12.68,,,,,,,,8.64
metal.00076.wav,,,,10.52,10.58,7.4,,,,,,,,,,,,,,,,,,
metal.00077.wav,,,,,,7.94,,,,,8.4,10.55,,,,,,,,,,,,
metal.00078.wav,,,,,,,,,,,,,,,,9.43,,,,,,10.79,10.2,
metal.00079.wav,,,,7.1,9.65,,7.77,,,,,,,,,,,,,,,,,
metal.00080.wav,,,,11.46,,,,,,,,9.01,,,,,,9.89,,,,,,
metal.00081.wav,,,,,,,,,,,,6.67,,,10.52,,,11.34,,,,,,
metal.00082.wav,,,,,,,,,,,,,,,,8.31,,,,,,7.75,,7.56
metal.00083.wav,,,9.72,,,,,,,,,,10.25,11.44,,,,,,,,,,
metal.00084.wav,,,,,,,,,,9.63,,,,,,,,,,,6.94,,7.42,
metal.00085.wav,,,,8.36,8.12,,8.69,,,,,,,,,,,,,,,,,
metal.00086.wav,,,,,,,,8.89,8.16,,,,,,,,,,,,9.14,,,
metal.00087.wav,,,,,,,,,,11.56,8.4,,,,,,9.29,,,,,,,
metal.00088.wav,,,,,8.47,10.91,,,,,,,,,,,9.97,,,,,,,
metal.00089.wav,,,,,,,,,,,,,,,,8.25,,,,,,9.86,8.36,
metal.00090.wav,,,,,8.82,,8.29,8.63,,,,,,,,,,,,,,,,
metal.00091.wav,,,7.68,,,,,,,9.79,,,7.68,,,,,,,,,,,
metal.00092.wav,,,,,,,,,,11.55,10.26,,,,,,7.88,,,,,,,
metal.00093.wav,10.03,,10.7,15.11,,,,,,,,,,,,,,,,,,,,
metal.00094.wav,8.96,,8.35,9.84,,,,,,,,,,,,,,,,,,,,
metal.00095.wav,,,,,,,,,,,,,,,9.62,,,9.51,,8.36,,,,
metal.00096.wav,,,,,,,,8.73,,12.45,9.79,,,,,,,,,,,,,
metal.00097.wav,,,,,,9.57,,,,8.0,,,7.95,,,,,,,,,,,
metal.00098.wav,6.9,,,9.3,,,,,,,,,,,,,,9.23,,,,,,
metal.00099.wav,,,,,,,,,,10.16,9.52,,,,,,,,,,8.89,,,
pop.00000.wav,10.27,8.8,9.0,,,,,,,,,,,,,,,,,,,,,
pop.00001.wav,,,9.14,,,,,,,,,,,12.4,,,,,,8.24,,,,
pop.00002.wav,,9.09,,,,,,8.54,10.74,,,,,,,,,,,,,,,
pop.00003.wav,9.91,9.75,,,,,,,,,,,,,,,,,,,7.35,,,
pop.00004.wav,7.86,,,,,8.86,,,,,7.36,,,,,,,,,,,,,
pop.00005.wav,,,,,,,9.23,,,,,8.7,,,9.4,,,,,,,,,
pop.00006.wav,,,10.6,,,,,,,,,,,6.99,,,,,,,9.3,,,
pop.00007.wav,,,,,,,,,,8.81,10.2,,,,,,8.53,,,,,,,
pop.00008.wav,,,,,,,,,,,,,,,,,,,,7.59,,7.23,,8.73
pop.00009.wav,,,,,,,7.36,,,,,8.87,,,7.19,,,,,,,,,
pop.00010.wav,,,,,,,,,,,8.6,,,,,,9.48,9.38,,,,,,
pop.00011.wav,,7.96,,,,,,,,7.19,,,8.75,,,,,,,,,,,
pop.00012.wav,,,,,,,,8.13,,7.07,,,7.33,,,,,,,,,,,
pop.00013.wav,,,,,,,,7.39,7.73,,,,8.52,,,,,,,,,,,
pop.00014.wav,,,,,,,,,,,,,,9.78,,8.69,,,,,,,,10.02
pop.00015.wav,,,7.49,,,,,,,,,,,,,,,,,,12.1,,,8.39
pop.00016.wav,,,,,,,11.05,,,,,,,,8.82,,,,,,,11.43,,
pop.00017.wav,,,,,,,,,,,,7.52,,,9.62,,,8.13,,,,,,
pop.00018.wav,,,,,,,,,,,,,,,,,,,,7.12,,,9.31,10.18
pop.00019.wav,,,,,,,,,,,,,,,,,,,,,12.77,,10.01,8.57
pop.00020.wav,,,,,,,,,,,,,,,,,,,,,8.37,,8.57,9.57
pop.00021.wav,,,,,,,,,,,,,,8.12,,,,,,,10.67,,,9.1
pop.00022.wav,,,7.24,,,,,,,,,,,,,,,,,,11.98,,,8.87
pop.00023.wav,9.58,,11.97,8.61,,,,,,,,,,,,,,,,,,,,
pop.00024.wav,,,,,7.99,,,,,,,,,,,,7.39,7.37,,,,,,
pop.00025.wav,9.99,7.73,,,,,,,,,8.32,,,,,,,,,,,,,
pop.00026.wav,9.26,,9.65,,,10.08,,,,,,,,,,,,,,,,,,
pop.00027.wav,10.2,,,7.05,,,,,,,,9.89,,,,,,,,,,,,
pop.00028.wav,,,,,,,,9.59,,,,,,,,,,,,,7.32,,10.8,
pop.00029.wav,,,,,,,,,,,,,,,9.7,,,9.04,,9.77,,,,
pop.00030.wav,,,,,,,,,9.22,,,,,,8.94,,,,,10.42,,,,
pop.00031.wav,,,,,,,,,9.26,,,,,,8.95,,,,,10.43,,,,
pop.00032.wav,,,,,8.64,,,,,,,,,,,8.1,,,8.95,,,,,
pop.00033.wav,,,11.45,,,,,,,,,,7.88,7.85,,,,,,,,,,
pop.00034.wav,,,,,,,,9.44,7.39,,,,9.31,,,,,,,,,,,
pop.00035.wav,,,,,8.9,,9.33,,,,,,,,,10.33,,,,,,,,
pop.00036.wav,,,10.07,,,,,,,,,,8.22,11.41,,,,,,,,,,
pop.00037.wav,,,6.65,,,,,,,,,,,,,,,,,,11.3,,,8.42
pop.00038.wav,,,,,8.51,,,,,,,,,,,,10.57,,8.61,,,,,
pop.00039.wav,,,,,11.84,8.07,,,,,,,,,,7.57,,,,,,,,
pop.00040.wav,,,,,,,,10.22,,,,,,,,,,,,,,9.02,10.01,
pop.00041.wav,,8.37,,,,,,11.67,,,,,,,,,,,,,,,8.7,
pop.00042.wav,,,,,8.53,,,,,,,,,,,,10.81,,10.47,,,,,
pop.00043.wav,,,,,,,,,,,,,,,10.18,,,8.56,,8.4,,,,
pop.00044.wav,,,,,,,,,,,,,,,,8.9,,,,,9.35,,,11.46
pop.00045.wav,,,,,,,,,,,,,,13.22,,,,,,10.94,,,,9.19
pop.00046.wav,,,,,,,,,,,,,,13.25,,,,,,10.95,,,,9.16
pop.00047.wav,,,7.54,,,,,,,,,,9.18,10.43,,,,,,,,,,
pop.00048.wav,,,7.22,,,,,7.25,,,,,8.73,,,,,,,,,,,
pop.00049.wav,,,,,,,,,,,,,,,9.24,,,,,7.81,,7.07,,
pop.00050.wav,,,,,,,,,,,,8.17,,,,,8.14,9.22,,,,,,
pop.00051.wav,,,,,,,,,,,,,,12.13,,,,,,9.87,,,,6.87
pop.00052.wav,,,,10.4,,,,,,,,,,,,,,,,,,12.28,10.52,
pop.00053.wav,8.61,,8.24,,,,,,,,,7.86,,,,,,,,,,,,
pop.00054.wav,,,10.28,10.3,,,,,,,,,,,,,,,,,7.47,,,
pop.00055.wav,,,,,,,,,,,,,,9.04,,13.33,,,,,,,,11.26
pop.00056.wav,,,,,,,,,,,,,,,,8.04,,,,7.9,,,,10.52
pop.00057.wav,,,,8.98,,,,,,,,,,,,,,,,,,10.82,8.01,
pop.00058.wav,,,,,,,,,,,,,,,7.63,,,8.76,8.17,,,,,
pop.00059.wav,,,,,,,,,,,,,,,,8.07,,,,7.93,,,,10.55
pop.00060.wav,,,10.28,10.3,,,,,,,,,,,,,,,,,7.47,,,
pop.00061.wav,,,,,,,,,,,,,,,,10.66,,,,,,,8.09,8.98
pop.00062.wav,,,,,,,,,,,,,,,,13.35,,,,,,,8.13,11.33
pop.00063.wav,,,,,,,,,,,,,,9.4,,,,,,,7.88,,,8.4
pop.00064.wav,,,,,,7.66,,,,,,,,,,10.64,,,,,,,7.59,
pop.00065.wav,,,,,,,,8.51,,,,,8.54,10.21,,,,,,,,,,
pop.00066.wav,,,,,,,,,,11.02,7.15,,7.54,,,,,,,,,,,
pop.00067.wav,,,,11.29,11.13,,,,,11.27,,,,,,,,,,,,,,
pop.00068.wav,,,,,,,,,,,10.13,8.47,,,,,,8.13,,,,,,
pop.00069.wav,,,,9.33,12.74,,,,,,,,,,,,8.58,,,,,,,
pop.00070.wav,,7.29,,,,,,,,7.11,,,9.64,,,,,,,,,,,
pop.00071.wav,,,,11.29,11.13,,,,,11.27,,,,,,,,,,,,,,
pop.00072.wav,,,,,8.29,,7.46,,,,,,,,7.39,,,,,,,,,
pop.00073.wav,7.97,8.59,,,,,,,,,12.16,,,,,,,,,,,,,
pop.00074.wav,9.44,,,7.31,,,,,,,,10.03,,,,,,,,,,,,
pop.00075.wav,8.82,,,,,,,,,,11.57,11.96,,,,,,,,,,,,
pop.00076.wav,,,,,,,,,,,,,,,11.22,,,14.89,,,,8.77,,
pop.00077.wav,,10.76,,,,,,,,,10.59,,,,,,,10.05,,,,,,
pop.00078.wav,,,,,,,,,,,,,,,,13.47,,,,,,,8.34,10.53
pop.00079.wav,,,,,,,9.82,,,,,8.96,,,7.88,,,,,,,,,
pop.00080.wav,,,7.41,,,,,,,,,,9.29,10.59,,,,,,,,,,
pop.00081.wav,,,8.61,,,,,,,8.33,,,11.04,,,,,,,,,,,
pop.00082.wav,,,,,7.89,,8.14,,,,,8.51,,,,,,,,,,,,
pop.00083.wav,,,,,,,,,,,,,,,,,,,,,,6.44,8.15,7.07
pop.00084.wav,,,,,,10.84,,,,,10.0,,,,,,9.98,,,,,,,
pop.00085.wav,9.76,11.77,,,,,,,,,,,,,,,,,,,,,7.44,
pop.00086.wav,9.14,10.61,,,,,,,,,9.96,,,,,,,,,,,,,
pop.00087.wav,10.5,10.25,,,,,,,,,9.53,,,,,,,,,,,,,
pop.00088.wav,,7.06,,,,,,,,9.27,11.41,,,,,,,,,,,,,
pop.00089.wav,,8.57,,,,,,,,11.32,11.25,,,,,,,,,,,,,
pop.00090.wav,10.41,10.39,9.54,,,,,,,,,,,,,,,,,,,,,
pop.00091.wav,,,,,,,7.36,,,,,7.8,,,9.93,,,,,,,,,
pop.00092.wav,,9.33,,,,6.43,,,9.92,,,,,,,,,,,,,,,
pop.00093.wav,,,9.06,,,,,,8.01,,,,,,,,,,,,11.49,,,
pop.00094.wav,,,,,,,,,6.32,,,,,,,,,,,,,,7.77,7.25
pop.00095.wav,9.47,,8.4,,,9.86,,,,,,,,,,,,,,,,,,
pop.00096.wav,,,,,,,,8.63,,,,,,,,,,,,,,6.98,7.28,
pop.00097.wav,8.4,10.33,,,,,,,,,,,,,,8.43,,,,,,,,
pop.00098.wav,,,9.75,9.16,,12.49,,,,,,,,,,,,,,,,,,
pop.00099.wav,,,,,10.23,,,,,,,,,,,,6.38,7.25,,,,,,
reggae.00000.wav,,,,,,,,,,,9.06,,,,,,11.21,11.11,,,,,,
reggae.00001.wav,,,,,,,,,6.51,,,,,9.38,,,,,,11.2,,,,
reggae.00002.wav,,,12.38,7.91,,,,,,,,,,,,,,,,,10.5,,,
reggae.00003.wav,,,,,,8.85,,,,7.63,,,,,,,11.65,,,,,,,
reggae.00004.wav,,,,,,,,,,,9.88,,,,,,9.98,11.66,,,,,,
reggae.00005.wav,,,9.67,,,,,,,,,,,9.38,,,,,,,11.38,,,
reggae.00006.wav,,,,,,,,,,,7.38,,,,,,11.19,,8.17,,,,,
reggae.00007.wav,,,,,,,,10.96,7.39,,,,,,,,,,,,,7.62,,
reggae.00008.wav,7.61,10.05,,,,,,,,9.06,,,,,,,,,,,,,,
reggae.00009.wav,,,,,,,,,,,,,,,,,,,8.84,8.71,,,,10.4
reggae.00010.wav,9.89,,,8.07,,,,,,,8.29,,,,,,,,,,,,,
reggae.00011.wav,10.28,,,9.5,,,,,,,8.82,,,,,,,,,,,,,
reggae.00012.wav,,,,,9.16,12.95,,,,,,,,,,,9.98,,,,,,,
reggae.00013.wav,,,,11.66,,,9.46,,,,,8.61,,,,,,,,,,,,
reggae.00014.wav,,,,,,11.43,,,,,9.89,,,,,,9.98,,,,,,,
reggae.00015.wav,,7.55,,,,,,12.32,,7.64,,,,,,,,,,,,,,
reggae.00016.wav,9.2,,,,,,,,,,7.89,11.28,,,,,,,,,,,,
reggae.00017.wav,,,,,,,,,,,7.43,9.4,,,,,,10.24,,,,,,
reggae.00018.wav,,,,,,10.92,,,,8.68,,,,,,,10.06,,,,,,,
reggae.00019.wav,,,,,,,,,11.24,,,,,,10.13,9.02,,,,,,,,
reggae.00020.wav,9.88,,,8.26,,,,,,,,8.46,,,,,,,,,,,,
reggae.00021.wav,10.26,8.16,8.26,,,,,,,,,,,,,,,,,,,,,
reggae.00022.wav,,,,,,,,,,,7.27,,,,,,10.97,7.42,,,,,,
reggae.00023.wav,,,,,,,,,,,,,,,,7.78,,,,,,8.69,10.67,
reggae.00024.wav,,,,,,,,9.58,8.98,,,,8.07,,,,,,,,,,,
reggae.00025.wav,9.82,,9.88,7.8,,,,,,,,,,,,,,,,,,,,
reggae.00026.wav,,,,10.31,,,8.31,,,,,9.1,,,,,,,,,,,,
reggae.00027.wav,,,11.43,9.57,,,,,,,,,8.94,,,,,,,,,,,
reggae.00028.wav,,,,,,8.93,,,,,,,,,,,10.85,,8.3,,,,,
reggae.00029.wav,,,12.73,,,,,,,,,,9.1,7.16,,,,,,,,,,
reggae.00030.wav,,,,,,,,,,11.47,10.11,,,,,,10.97,,,,,,,
reggae.00031.wav,,,,,,,,,,,,,,8.92,,,,,,,7.55,,,9.09
reggae.00032.wav,,,,,,,,11.53,,,,,,,,,,,,,,10.64,9.92,
reggae.00033.wav,,,,,,,,9.37,,,,,,,,,,,,,9.01,,11.7,
reggae.00034.wav,,,,,,,,,,,,,,,,,,,12.86,10.19,,,,9.98
reggae.00035.wav,,,,,,,,,,,,,,,,,,,,,9.8,10.14,10.66,
reggae.00036.wav,11.53,9.53,7.38,,,,,,,,,,,,,,,,,,,,,
reggae.00037.wav,,,,,,7.19,,8.24,,7.9,,,,,,,,,,,,,,
reggae.00038.wav,,,9.54,,,9.34,,,,,,,,10.04,,,,,,,,,,
reggae.00039.wav,,,,,,,,,,,,7.53,,,11.16,,,9.78,,,,,,
reggae.00040.wav,9.05,,,,,,,,,,8.15,8.75,,,,,,,,,,,,
reggae.00041.wav,,,,,,,,12.18,11.22,,,,,,,,,,,,,6.7,,
reggae.00042.wav,7.34,,,,,8.11,,,,,7.08,,,,,,,,,,,,,
reggae.00043.wav,,,12.21,,,,,,,,,,10.12,9.1,,,,,,,,,,
reggae.00044.wav,,7.75,,,,,,,,,,,,,,,,,,,8.56,,11.49,
reggae.00045.wav,,,,,,,,12.96,,10.46,,,8.99,,,,,,,,,,,
reggae.00046.wav,,,,,,,11.55,,,,,9.74,,,8.08,,,,,,,,,
reggae.00047.wav,7.7,,9.22,,,,,,,,,,,,,,,,,,7.48,,,
reggae.00048.wav,,8.69,,,,,,,,,,,,,,10.89,,,,,,,7.76,
reggae.00049.wav,,,,,,,,,,,,,,,,,,,7.55,,8.71,,,11.99
reggae.00050.wav,,,,,,,12.19,,,,,8.11,,,,,,,,,,7.17,,
reggae.00051.wav,,11.83,,,,,,,,,,,,,,7.13,,,,,,,8.53,
reggae.00052.wav,,,,,,,,,,,,,,,9.88,,,10.39,,8.68,,,,
reggae.00053.wav,,,,,,,,8.25,,12.43,10.43,,,,,,,,,,,,,
reggae.00054.wav,,,,,7.71,8.85,,,,,,,,,,,11.76,,,,,,,
reggae.00055.wav,,,,,9.4,14.57,,,,,,,,,,,9.48,,,,,,,
reggae.00056.wav,,,9.63,,,,,,,,,,,9.09,,,,,,,11.42,,,
reggae.00057.wav,,10.03,,,,,,,,9.36,8.14,,,,,,,,,,,,,
reggae.00058.wav,,,,10.01,,,8.39,,,,,8.93,,,,,,,,,,,,
reggae.00059.wav,,,,,,,,12.36,7.86,7.04,,,,,,,,,,,,,,
reggae.00060.wav,10.3,,8.33,8.57,,,,,,,,,,,,,,,,,,,,
reggae.00061.wav,,,,,,,,,,,,,,,,,,6.76,8.85,12.05,,,,
reggae.00062.wav,,,,,,,,,,,,7.98,,,9.06,,,10.35,,,,,,
reggae.00063.wav,,,,,,,,,,8.02,,,,,,,,,,,7.44,,6.93,
reggae.00064.wav,,,,,9.67,7.93,,,,,,,,,,,9.67,,,,,,,
reggae.00065.wav,,,,,,,,,10.63,,,,8.13,,7.53,,,,,,,,,
reggae.00066.wav,,,,10.83,,,,,,,9.68,,,,,,7.72,,,,,,,
reggae.00067.wav,,9.37,,,,,,,,10.94,,,,,,,,,,,,,7.18,
reggae.00068.wav,9.61,,,,,,,,,8.55,9.07,,,,,,,,,,,,,
reggae.00069.wav,,,,,,,,12.5,10.94,,,,6.82,,,,,,,,,,,
reggae.00070.wav,7.84,11.93,,,,,,6.91,,,,,,,,,,,,,,,,
reggae.00071.wav,8.56,,10.02,,,,,,,,,,,,,,,,,,10.25,,,
reggae.00072.wav,,11.34,,,,,,11.1,,,,,,,,,,,,,,,8.3,
reggae.00073.wav,,,,,,,7.63,,,,,10.55,,,6.96,,,,,,,,,
reggae.00074.wav,,,,,,,7.55,,,,,10.6,,,6.9,,,,,,,,,
reggae.00075.wav,,,8.72,,,7.53,,,,,,,10.23,,,,,,,,,,,
reggae.00076.wav,10.45,10.89,,7.96,,,,,,,,,,,,,,,,,,,,
reggae.00077.wav,7.36,,,,,,,,,,7.14,,,,,,10.12,,,,,,,
reggae.00078.wav,11.17,9.48,,,,,,,,,,,,,,,,,,,8.89,,,
reggae.00079.wav,,,,7.28,8.57,,,,,,,,,,,7.6,,,,,,,,
reggae.00080.wav,,,,,,10.1,,,7.59,,,7.48,,,,,,,,,,,,
reggae.00081.wav,,,,,,11.11,,,11.01,,,9.6,,,,,,,,,,,,
reggae.00082.wav,,,,,,11.11,,,11.01,,,9.6,,,,,,,,,,,,
reggae.00083.wav,,,,,,9.4,,,,8.3,,,11.18,,,,,,,,,,,
reggae.00084.wav,,,,,,,,,,,,,,7.5,,,,,8.81,12.01,,,,
reggae.00085.wav,9.2,,11.17,10.91,,,,,,,,,,,,,,,,,,,,
reggae.00086.wav,,,,,,,,8.57,,9.04,,,13.88,,,,,,,,,,,
reggae.00087.wav,,,,,,11.4,,,,,8.53,,,,,,9.66,,,,,,,
reggae.00088.wav,,,,,,,,,,,,,,9.78,,,,,,12.26,,,,7.53
reggae.00089.wav,,,,,,,,,,,,,,,,,,,,,7.22,,6.9,11.87
reggae.00090.wav,11.63,9.37,,,,,,,,,8.29,,,,,,,,,,,,,
reggae.00091.wav,,,8.58,,,,,,,,,,10.49,7.91,,,,,,,,,,
reggae.00092.wav,,,8.4,,,,,,,,,,10.6,8.38,,,,,,,,,,
reggae.00093.wav,11.43,9.85,,,,,,,,,7.66,,,,,,,,,,,,,
reggae.00094.wav,,,,,9.28,,7.06,,,,,,,,,9.46,,,,,,,,
reggae.00095.wav,,,11.38,,,,,,,,,,,7.43,,,,,,,7.28,,,
reggae.00096.wav,,,9.18,,,,,,,,,,,13.24,,,,,,,8.32,,,
reggae.00097.wav,,,8.4,,,8.89,,,,,,,11.32,,,,,,,,,,,
reggae.00098.wav,8.48,,9.25,,,,,,,,,,,,,,,,,,11.11,,,
reggae.00099.wav,,,,,,,,,,,,,8.85,8.31,,,,,,,,11.37,,
rock.00000.wav,,,,,,,,,,11.11,12.93,,,,,,,8.91,,,,,,
rock.00001.wav,,,,,,,,10.56,8.84,,,,9.34,,,,,,,,,,,
rock.00002.wav,,,,,,,,,,,,,,,,,,,,,10.96,7.15,7.61,
rock.00003.wav,,,,,,,,,,,,,10.38,13.44,,,,9.17,,,,,,
rock.00004.wav,,,10.98,,,11.17,,,,,,,,,,,9.71,,,,,,,
rock.00005.wav,,,,,,8.22,,,,7.67,7.93,,,,,,,,,,,,,
rock.00006.wav,,,,,,,,,,,,,,,,,,,11.29,,,,8.82,8.89
rock.00007.wav,,,,,,,,,9.48,,,,,,8.01,,,,,8.08,,,,
rock.00008.wav,,11.82,,,,,,7.35,10.92,,,,,,,,,,,,,,,
rock.00009.wav,,,9.58,,,,,,,,,,9.05,10.76,,,,,,,,,,
rock.00010.wav,8.02,7.61,,,,,,,,,10.92,,,,,,,,,,,,,
rock.00011.wav,,,,,,,,,,,,,,8.37,,,,,,8.37,,,,11.64
rock.00012.wav,,,,,,,,,,,8.23,,,,,,9.49,8.4,,,,,,
rock.00013.wav,,,,,,,,,,,,,,,,,,,,9.71,8.14,,,7.81
rock.00014.wav,,,,8.32,,,8.43,,,,,8.68,,,,,,,,,,,,
rock.00015.wav,,7.61,,,,,,,,10.36,10.16,,,,,,,,,,,,,
rock.00016.wav,8.71,,,,,7.76,,,,,8.01,,,,,,,,,,,,,
rock.00017.wav,8.87,,,,,,,,,6.56,11.61,,,,,,,,,,,,,
rock.00018.wav,7.21,,10.13,12.47,,,,,,,,,,,,,,,,,,,,
rock.00019.wav,,,,8.46,11.09,,7.61,,,,,,,,,,,,,,,,,
rock.00020.wav,,,,,,,,,,,,,,,,,,,,,,10.45,11.7,6.91
rock.00021.wav,,,,,,,,,,,,,,,,,,6.96,7.65,11.32,,,,
rock.00022.wav,,,,,,,,,,,,,,,,6.68,,,,,,10.21,11.48,
rock.00023.wav,,,,,,,,7.98,,,,,,,,,,,,,,8.04,10.63,
rock.00024.wav,7.97,,,,,,,,,,11.49,7.86,,,,,,,,,,,,
rock.00025.wav,,,,,8.12,13.77,,,,,,,9.56,,,,,,,,,,,
rock.00026.wav,,9.56,,,,,,,,,,,10.62,7.81,,,,,,,,,,
rock.00027.wav,,,,,,,8.28,,,,,,,,7.32,,,6.92,,,,,,
rock.00028.wav,,,,,7.76,,9.46,,,,,9.06,,,,,,,,,,,,
rock.00029.wav,9.51,,,,,,,,,,7.05,9.99,,,,,,,,,,,,
rock.00030.wav,,,,,8.67,,,,,8.5,,,,,,,10.36,,,,,,,
rock.00031.wav,,,,,,,,,,,,,,,,,,,,,8.81,,9.27,8.92
rock.00032.wav,7.86,,7.53,,,6.92,,,,,,,,,,,,,,,,,,
rock.00033.wav,,,,,,,,,,,,,,,,,8.03,,11.33,8.1,,,,
rock.00034.wav,,,11.26,,,,,,,,,,10.11,10.55,,,,,,,,,,
rock.00035.wav,,,,7.8,11.73,8.04,,,,,,,,,,,,,,,,,,
rock.00036.wav,,,7.47,,,,,,,9.46,,,8.13,,,,,,,,,,,
rock.00037.wav,,,11.25,6.95,,,,,,,,,,6.94,,,,,,,,,,
rock.00038.wav,,,,,,,8.0,,,,,,,,10.15,,,7.93,,,,,,
rock.00039.wav,,,,,,8.96,,,,,6.77,,,,,,8.5,,,,,,,
rock.00040.wav,,,,,,7.67,,,,9.12,,,,,,,,,,,7.35,,,
rock.00041.wav,,,10.82,,,10.98,,,,,,,10.22,,,,,,,,,,,
rock.00042.wav,,,,7.82,7.48,10.45,,,,,,,,,,,,,,,,,,
rock.00043.wav,,,,,,8.83,,,,6.8,,,,,,,7.64,,,,,,,
rock.00044.wav,,,10.58,,,,,,,,,,9.21,9.21,,,,,,,,,,
rock.00045.wav,,,,,6.75,10.33,,,,,,,,,,,9.77,,,,,,,
rock.00046.wav,,,,,,8.92,,,,,7.7,,,,,,9.32,,,,,,,
rock.00047.wav,8.65,15.29,,,,,,,,,,,,,,,,,,,,,9.09,
rock.00048.wav,,,,,7.92,11.4,,,,,,,,,,,12.01,,,,,,,
rock.00049.wav,,,,,,,,,,,,7.79,,,7.95,,,10.68,,,,,,
rock.00050.wav,,,,,,,,,,,,,,,,,,7.4,9.37,12.73,,,,
rock.00051.wav,,,,,,,,,,,,,,8.49,,,,,,9.76,,,,8.65
rock.00052.wav,,,,,,,,,,,,,,,,15.23,,,,,,,8.75,11.12
rock.00053.wav,,,10.3,,,,,,,,,,7.01,,,,,,,,10.43,,,
rock.00054.wav,,6.93,8.63,,,,,,,,,,,,,,,,,,9.49,,,
rock.00055.wav,,,11.21,,,10.73,,,,,,,9.46,,,,,,,,,,,
rock.00056.wav,,,,9.0,10.91,,,,,,,,,,,,8.22,,,,,,,
rock.00057.wav,8.96,,7.42,,,7.18,,,,,,,,,,,,,,,,,,
rock.00058.wav,8.93,,10.25,,,,,,,,,,,,,,,,,,10.65,,,
rock.00059.wav,8.67,,7.0,8.01,,,,,,,,,,,,,,,,,,,,
rock.00060.wav,,,7.66,,,8.9,,,,,,,7.37,,,,,,,,,,,
rock.00061.wav,,,6.65,,,9.08,,,,,,,,,,,7.69,,,,,,,
rock.00062.wav,,,,,,,,,,,,,,,,7.27,,,8.75,7.54,,,,
rock.00063.wav,,,9.74,,,,,,,,,,,8.12,,,,,,,10.46,,,
rock.00064.wav,6.88,7.25,7.25,,,,,,,,,,,,,,,,,,,,,
rock.00065.wav,,,,,,,,,7.98,,,,,8.12,,,,,,10.68,,,,
rock.00066.wav,8.84,6.84,,,,,,,,,8.15,,,,,,,,,,,,,
rock.00067.wav,,,,,,,,,,,10.01,8.85,,,,,,8.88,,,,,,
rock.00068.wav,,,,,,,,9.16,,,,,11.11,7.53,,,,,,,,,,
rock.00069.wav,,,,7.91,,9.0,,,,,,,,,,,8.08,,,,,,,
rock.00070.wav,,,,,,10.5,,,,,7.6,,,,,,10.34,,,,,,,
rock.00071.wav,,,,,,,,,,,,,,,10.5,,,,,8.6,,10.87,,
rock.00072.wav,11.02,10.25,,,,,,,,,,9.31,,,,,,,,,,,,
rock.00073.wav,,7.14,7.22,,,,,,,,,,9.12,,,,,,,,,,,
rock.00074.wav,,8.08,,,,9.51,,,,,8.06,,,,,,,,,,,,,
rock.00075.wav,,,,,9.11,9.33,,,,,,,,,,,9.85,,,,,,,
rock.00076.wav,,,,,8.05,8.75,,,,,,,,,,,11.16,,,,,,,
rock.00077.wav,7.67,,,7.72,,,,,,,7.5,,,,,,,,,,,,,
rock.00078.wav,8.55,,8.59,,,,,,,,,,,,,,,,,,9.23,,,
rock.00079.wav,11.99,8.75,,8.65,,,,,,,,,,,,,,,,,,,,
rock.00080.wav,,,,,,,,7.8,6.8,,,,,,,,,,,,,,8.63,
rock.00081.wav,,,,,,,,,,,,,,,,8.27,,,,,,,11.44,10.92
rock.00082.wav,,,9.38,,,,,,,,,,12.26,9.36,,,,,,,,,,
rock.00083.wav,,,,,,8.45,,,,,7.3,,,,,,7.43,,,,,,,
rock.00084.wav,10.88,,8.06,9.02,,,,,,,,,,,,,,,,,,,,
rock.00085.wav,,,7.91,,,,,,,,,,10.15,6.93,,,,,,,,,,
rock.00086.wav,,,,,,,,,,8.74,9.15,,,,,,9.1,,,,,,,
rock.00087.wav,10.79,,9.76,10.33,,,,,,,,,,,,,,,,,,,,
rock.00088.wav,,,,,,,,,,,,,,,,,,,,6.95,6.91,,,8.38
rock.00089.wav,10.29,6.43,,,,,,,,,8.54,,,,,,,,,,,,,
rock.00090.wav,,,9.41,,,9.26,,,,,,,8.9,,,,,,,,,,,
rock.00091.wav,,,,,7.21,,,,,,7.48,,,,,,8.85,,,,,,,
rock.00092.wav,,,,,,,,,,,,,,,,7.68,,,,,,,8.19,9.11
rock.00093.wav,,,,,,,,,,,,8.53,,,10.95,,,7.8,,,,,,
rock.00094.wav,,,,,,,,,,,,7.16,,,11.35,,,9.86,,,,,,
rock.00095.wav,,8.33,,,,,,,,8.33,11.46,,,,,,,,,,,,,
rock.00096.wav,,,,,,8.31,,,,,7.61,,,,,,12.22,,,,,,,
rock.00097.wav,9.24,,,,,,,,,,9.13,8.47,,,,,,,,,,,,
rock.00098.wav,,,10.31,,,,,,,,,,,8.6,,,,,,,9.18,,,
rock.00099.wav,,,,9.75,10.46,,7.14,,,,,,,,,,,,,,,,,
